address,area,price
裕兴花园-SM附近,湖里,2300
厦禾裕景-厦禾路,思明,55000
裕兴花园-SM附近,湖里,2000
明发商城-金鸡亭,思明,3000
明发商城-莲前西路,思明,3000
山木清华-莲前,思明,6000
岭兜小区北区-前埔南区,思明,3600
岭兜一里-软件园,思明,3800
海峡国际社区-观音山,思明,8000
海峡国际社区-观音山,思明,4500
明发城-软件园,思明,2200
明发海景苑-会展路,思明,8500
水晶国际-观音山,思明,3000
岭兜佳园-软件园,思明,1700
海艺大厦-前埔北区,思明,2200
明发国际新城-会展路,思明,5500
香山碧海晴空-软件园,思明,2500
明发国际新城-会展路,思明,5500
明发园-软件园,思明,1800
世茂湖滨首府-软件园,思明,3000
海艺大厦-软件园,思明,2100
何厝小区-会展路,思明,4000
卧龙晓城-莲前西路,思明,4400
家家海景-前埔北区,思明,4000
海艺大厦-软件园,思明,2000
新景花园-软件园,思明,2500
岭兜二里-前埔北区,思明,3300
宝华花园思明-湖滨北路,思明,4000
宝达大厦-嘉禾路,思明,3600
宏益大厦-松柏,思明,5500
宝龙中心一期-嘉禾路,思明,6500
嘉滨里-松柏,思明,2300
卧龙晓城-莲前西路,思明,4000
金鸡亭花园小区-金鸡亭,思明,3300
明丰财富中心-前埔南区,思明,3400
岭兜二里-软件园,思明,3700
岭兜佳园小区-前埔南区,思明,3500
香山海景苑-前埔南区,思明,2300
龙山山庄-莲前西路,思明,3500
富宇大厦-火车站,思明,5800
屿后南里423-449号小区-松柏,思明,3400
信和上筑-嘉禾路,思明,4700
锦绣广场-松柏,思明,5999
岭兜二里-软件园,思明,3300
碧海晴空-软件园,思明,2000
新景花园-软件园,思明,4500
龙山山庄-莲前西路,思明,3800
明发园-前埔北区,思明,2200
自然家园二期-火车站,思明,5600
何厝小区-会展路,思明,4000
山木清华-莲前,思明,5500
龙山山庄-莲前西路,思明,3500
岭兜小区北区-前埔南区,思明,3200
清河花园-莲前,思明,3000
云顶山庄花园-莲前,思明,5000
金磊花园-金鸡亭,思明,4000
侨福城一期-莲前东路,思明,3500
侨福城3期-莲前,思明,1700
侨福城小区-莲前东路,思明,3500
侨福城小区-莲前东路,思明,3500
侨福城三期-瑞景,思明,4300
莲坂西小区-富山,思明,2800
莲坂西小区-富山,思明,3400
嘉华大厦-长青路,思明,2300
华天花园-嘉禾路,思明,2500
江头长青K小区-松柏,思明,3000
江头长青K小区-松柏,思明,3000
卧龙晓城-莲前西路,思明,4500
山木清华-莲前,思明,6000
山木清华-莲前,思明,6000
山木清华-莲前,思明,6000
龙昌里居住区-莲花五村,思明,3300
湖滨四里-湖滨南路,思明,3500
厦汽宿舍-富山,思明,3600
信和上筑-嘉禾路,思明,6200
嘉华大厦-长青路,思明,5000
莲前西路水务宿舍-富山,思明,2900
舒心阳光公寓-软件园,思明,1500
舒心阳光公寓-前埔南区,思明,1950
舒心阳光公寓-观音山,思明,1500
舒心阳光公寓-莲前东路,思明,1650
舒心阳光公寓-前埔北区,思明,1600
舒心阳光公寓-会展路,思明,1550
中山路民宅-思明南路,思明,1300
中山路-中山路,思明,1500
前埔北区农贸市场-莲前西路,思明,2600
世贸湖滨首府b区-软件园,思明,7000
故宫路-大同路,思明,1700
中山公园附近-公园附近,思明,1200
尚青春公寓-火车站,思明,1000
尚青春国际公寓-东浦路,思明,1400
特贸宿舍-湖滨东路,思明,2600
湖滨三里-湖滨东路,思明,2600
森景华庭-火车站,思明,1800
森景华庭-火车站,思明,1650
建发花园三期-东浦路,思明,3800
东坪花园二期-东浦路,思明,4200
东坪花园二期-东浦路,思明,4200
莲富大厦-富山,思明,4500
明丰财富中心-前埔南区,思明,3800
明丰财富中心-前埔南区,思明,1800
明发园-前埔北区,思明,2700
明丰财富中心-前埔南区,思明,1500
明丰财富中心-前埔南区,思明,2500
山木清华-莲前,思明,4800
龙山山庄-莲前西路,思明,3500
云顶山庄花园-莲前,思明,3000
源昌君悦山-莲前西路,思明,6800
岭兜佳园-软件园,思明,3800
家家海景-软件园,思明,5500
家家海景-软件园,思明,5500
卧龙晓城二期-莲前,思明,2800
武汉大厦-莲花一村,思明,6500
阳光花园-松柏,思明,4200
信和上筑-嘉禾路,思明,5500
水岸oY-育秀路,思明,6500
宝华花园思明-湖滨北路,思明,3200
岭兜小区-前埔北区,思明,4000
明丰财富中心-前埔南区,思明,3000
岭兜佳园小区-前埔南区,思明,3600
岭兜小区-前埔北区,思明,3100
南湖明珠-湖滨东路,思明,15000
龙山二期安置房-莲花五村,思明,2700
卧龙晓城-莲前西路,思明,3800
繁荣广场二期-白鹭洲路,思明,4500
嘉盛豪园-瑞景,思明,1300
嘉盛豪园-瑞景,思明,1600
嘉盛豪园-瑞景,思明,1000
嘉盛豪园-瑞景,思明,1850
嘉盛豪园-瑞景,思明,4200
明丰财富中心-前埔南区,思明,2000
岭兜小区北区-前埔南区,思明,3100
源昌君悦山-莲前西路,思明,2400
锦绣广场-松柏,思明,3500
汇腾大厦-松柏,思明,5500
东方明珠广场-莲花一村,思明,17999
锦绣广场-松柏,思明,5999
信和上筑-嘉禾路,思明,5000
源昌君悦山-莲前,思明,8000
自然家园-火车站,思明,4800
卧龙晓城-莲前西路,思明,8000
盘龙路安置房单间房屋出租-火车站,思明,1400
莲坂西小区-长青路,思明,3300
嘉华大厦-长青路,思明,4300
莲坂西小区-长青路,思明,3200
莲坂西小区-长青路,思明,3200
华天花园二期-富山,思明,3500
岭兜小区-前埔北区,思明,3300
明发园-前埔北区,思明,3800
岭兜小区-软件园,思明,3500
海艺大厦-软件园,思明,1900
莲前西路水务宿舍-富山,思明,2600
山木清华-莲前西路,思明,4000
自然家园-火车站,思明,4950
源昌新天地-白鹭洲路,思明,13500
明发园-前埔北区,思明,1800
瑞景嘉盛豪园旁明发楼（地铁二号线）-瑞景,思明,1900
东浦路112-120号小区-东浦路,思明,3300
岭兜佳园小区-前埔南区,思明,3300
岭兜小区中区-前埔南区,思明,4000
明丰财富中心-前埔南区,思明,2500
岭兜佳园-前埔北区,思明,4400
卧龙晓城-莲前,思明,8000
毅宏大厦-莲前西路,思明,4000
岭兜小区北区-前埔南区,思明,3800
自然家园-火车站,思明,4200
山木清华-莲前,思明,5200
龙山山庄-莲前西路,思明,3800
湖边御景-软件园,思明,2900
龙山山庄-莲前西路,思明,3600
卧龙晓城-莲前,思明,4500
福满山庄-瑞景,思明,3780
福满山庄-瑞景,思明,3380
福满山庄-瑞景,思明,3780
福满山庄-瑞景,思明,3380
前埔北区二里-前埔北区,思明,3600
联发滨海名居-会展路,思明,11000
海峡国际社区二期-会展路,思明,6500
海峡国际社区二期-会展路,思明,4500
海峡国际社区二期-会展路,思明,6200
新景花园-软件园,思明,2500
何厝小区-会展路,思明,4000
彩霞公寓-湖滨南路,思明,5800
彩霞公寓-湖滨南路,思明,5800
林海阳光-东浦路,思明,4500
禹洲花园-莲前西路,思明,3500
卧龙晓城-莲前,思明,4500
龙山山庄-莲前西路,思明,3800
岭兜小区-软件园,思明,3800
岭兜小区-软件园,思明,3300
岭兜佳园-软件园,思明,1700
阳光花园-松柏,思明,4200
牡丹园-松柏,思明,6500
水岸oY-育秀路,思明,6500
莲坂西小区-富山,思明,3400
莲坂西小区-富山,思明,3900
宝龙中心一期-松柏,思明,3900
龙山居-槟榔东里,思明,2700
岭兜小区-前埔北区,思明,3100
岭兜小区-前埔北区,思明,3300
新景花园-软件园,思明,4000
碧海晴空-软件园,思明,1600
湖滨三里-湖滨东路,思明,3300
源昌君悦山-莲前西路,思明,2500
武汉大厦-莲花一村,思明,6500
阳光花园-松柏,思明,4200
信和上筑-嘉禾路,思明,5500
水岸oY-育秀路,思明,6500
宝华花园思明-湖滨北路,思明,3200
金鸡亭花园小区-金鸡亭,思明,4600
英皇湖畔花苑-松柏,思明,4600
怡祥花园-松柏,思明,3200
莲坂西小区-富山,思明,3400
宝华花园思明-湖滨北路,思明,3200
宝华花园思明-湖滨北路,思明,3200
官邸大厦-火车站,思明,2700
山木清华-莲前,思明,3950
华孚花园-莲花五村,思明,3180
莲坂西小区-富山,思明,3400
信和上筑-嘉禾路,思明,4700
富宇大厦-火车站,思明,4700
宏益大厦-松柏,思明,5600
东方明珠广场-莲花一村,思明,6800
森景华庭-东浦路,思明,980
苏公馆-观音山,思明,1800
苏公馆-瑞景,思明,1800
苏公馆-软件园,思明,1800
伴山公寓-东浦路,思明,1050
苏公馆-瑞景,思明,2500
莲坂西小区-松柏,思明,3300
怡祥花园-松柏,思明,3200
嘉华大厦-长青路,思明,2500
伴山公寓-东浦路,思明,850
光明大厦-斗西路,思明,4800
源盛花园-松柏,思明,3300
豆仔尾-禾祥西路,思明,3300
公园小学对面，粮食局宿舍-禾祥西路,思明,2500
美仁新村-禾祥西路,思明,3500
美仁新村南区-禾祥西路,思明,3500
冠成大厦-禾祥西路,思明,1600
永康大厦-禾祥西路,思明,3500
卧龙晓城-槟榔东里,思明,4400
卧龙晓城-莲前西路,思明,6000
侨福城3期-瑞景,思明,4400
福满山庄-瑞景,思明,1600
侨福城一期-瑞景,思明,3500
侨福城3期-瑞景,思明,4300
明丰财富中心-软件园,思明,3400
岭兜二里-软件园,思明,3000
岭兜佳园小区-软件园,思明,3500
舒心阳光公寓-莲前东路,思明,2500
舒心阳光公寓-瑞景,思明,1400
舒心阳光公寓-莲前东路,思明,1600
舒心阳光-瑞景,思明,1950
舒心阳光公寓-前埔北区,思明,1500
中山晶品公寓-中山路,思明,1500
中山晶品公寓-鹭江道,思明,1200
岭兜小区-前埔北区,思明,4500
明发园-前埔北区,思明,4000
卧龙晓城-莲前,思明,6000
假日双星-文灶,思明,4500
龙山山庄-莲前西路,思明,3600
山木清华-莲前,思明,4200
明发园-前埔北区,思明,2000
岭兜佳园小区-前埔南区,思明,3500
海峡国际社区四期-会展路,思明,13500
禹洲花园三期-莲花五村,思明,3300
新景花园-软件园,思明,4500
海艺大厦-软件园,思明,2300
新景花园-软件园,思明,4000
碧海晴空-软件园,思明,2200
新港龙花园-莲岳路,思明,3000
嘉华大厦-长青路,思明,2600
新港龙花园-莲岳路,思明,3000
嘉华大厦-长青路,思明,2600
宝龙中心二期-富山,思明,3500
东方明珠广场-莲花一村,思明,3500
电业花园-富山,思明,3500
英皇湖畔花苑-松柏,思明,3500
山木清华-莲前西路,思明,4000
岭兜小区北区-前埔南区,思明,3800
金沙花园-莲前,思明,4200
东浦路48号小区-东浦路,思明,3499
金枫园-东浦路,思明,5200
时尚国际-火车站,思明,3500
时尚国际-火车站,思明,2800
金林花园-金鸡亭,思明,4200
岭兜小区北区-前埔南区,思明,3800
源昌新天地-湖滨东路,思明,2000
新景花园-软件园,思明,4300
海峡国际社区-会展路,思明,8800
海峡国际社区-会展路,思明,9500
海峡国际社区-会展路,思明,4600
海峡国际社区-会展路,思明,4600
海峡国际社区-会展路,思明,8500
鑫塔水尚-观音山,思明,10000
海峡国际社区-会展路,思明,9500
海峡国际社区-会展路,思明,7000
海峡国际社区-会展路,思明,7500
鑫塔水尚-观音山,思明,10000
华居.泊客湾-软件园,思明,2200
海峡国际社区-观音山,思明,9000
海峡国际社区-观音山,思明,7200
瑞景嘉盛豪园旁明发楼（地铁二号线）-瑞景,思明,1900
明发园-软件园,思明,4000
明发园-软件园,思明,1950
时代中心-观音山,思明,3000
明发园-软件园,思明,2200
大洲国际龙郡-软件园,思明,1800
岭兜小区-软件园,思明,3100
明丰财富中心-软件园,思明,2800
源昌新天地-湖滨东路,思明,7900
罗宾森-火车站,思明,1500
皓晖花园-湖滨东路,思明,3000
源昌新天地-火车站,思明,2000
源昌新天地-火车站,思明,2000
源昌新天地-湖滨南路,思明,2000
宝华花园思明-湖滨北路,思明,6000
长青路小区-长青路,思明,4500
长青路小区-长青路,思明,4500
侨旺大厦-嘉禾路,思明,4500
信和上筑-嘉禾路,思明,5000
何厝小区-会展路,思明,2000
岭兜一里-软件园,思明,3650
岭兜一里-软件园,思明,4600
新景花园-软件园,思明,3800
莲前水务宿舍-莲前西路,思明,2500
莲坂西小区-富山,思明,3400
莲坂小区-槟榔东里,思明,3100
莲坂西小区-富山,思明,2800
山木清华-莲前西路,思明,3800
鸿山公园-思明南路,思明,1999
何厝小区-会展路,思明,3000
嘉盛豪园-瑞景,思明,1700
嘉盛豪园-瑞景,思明,1400
明丰财富中心-前埔南区,思明,1700
明丰财富中心-前埔南区,思明,2000
明丰财富中心-前埔南区,思明,3300
东芳山庄小区-瑞景,思明,750
东芳山庄小区-莲前东路,思明,750
华林东盛花园二期-前埔北区,思明,4400
香山海景苑-软件园,思明,2300
明丰财富中心-软件园,思明,1900
岭兜小区-软件园,思明,3100
岭兜佳园小区-软件园,思明,3300
岭兜佳园小区-软件园,思明,1800
山木清华-莲前,思明,4900
莲坂小区-长青路,思明,2800
英皇湖畔花苑-松柏,思明,4000
明发园-前埔北区,思明,2300
汇腾大厦-松柏,思明,6800
宝龙中心一期-松柏,思明,5500
长青路250-253号小区-长青路,思明,4400
英皇湖畔花苑-松柏,思明,5500
嘉华大厦-长青路,思明,2300
锦绣广场-松柏,思明,6000
岭兜佳园小区-前埔南区,思明,2650
火车站禹州世贸-火车站,思明,4300
岭兜佳园小区-前埔南区,思明,2600
枫丹雅苑-禾祥东路,思明,6800
宝华花园思明-湖滨北路,思明,6300
心悦园-松柏,思明,3800
宝华花园思明-湖滨北路,思明,3200
宝龙中心二期-富山,思明,4600
长青北里小区-松柏,思明,3400
新景花园-软件园,思明,3300
明发城-前埔北区,思明,4800
新景花园-软件园,思明,3800
岭兜佳园-软件园,思明,3200
福满山庄-瑞景,思明,4200
侨福城二期-莲前东路,思明,3700
鸿禧花园-莲花五村,思明,1600
卧龙晓城-莲前西路,思明,3800
山木清华-莲前,思明,4500
广顺花园-莲前,思明,3200
通士达小区-槟榔东里,思明,3500
湖滨三里-湖滨东路,思明,3000
岭兜佳园-前埔北区,思明,2800
大洲国际龙郡-前埔北区,思明,3400
家家海景-前埔北区,思明,1900
岭兜佳园小区-前埔南区,思明,5500
明丰财富中心-前埔南区,思明,1700
永升花园-松柏,思明,6500
牡丹园-松柏,思明,6500
宝华花园-湖滨北路,思明,3000
宝龙中心-嘉禾路,思明,4800
阳光花园-长青路,思明,5100
华星大厦-火车站,思明,4500
明发园-前埔北区,思明,1500
岭兜一里-软件园,思明,4200
华天花园-嘉禾路,思明,5200
利海苑-莲花一村,思明,4300
住总佳苑-育秀路,思明,4000
永升花园-松柏,思明,6800
信和上筑-嘉禾路,思明,5300
橡胶新村-文园路,思明,3300
禹洲世贸国际-火车站,思明,4000
禾祥首府（思明苑二期）-禾祥西路,思明,3566
厦门思明区九龙城-厦禾路,思明,1600
厦门思明区九龙城-厦禾路,思明,1600
一代风华-松柏,思明,1900
九龙城-厦禾路,思明,2600
卧龙晓城-莲前西路,思明,2750
金鸡亭花园小区-金鸡亭,思明,3500
岭兜佳园小区-软件园,思明,5500
明丰财富中心-软件园,思明,1800
明丰财富中心-软件园,思明,3800
明丰财富中心-软件园,思明,1700
明丰财富中心-软件园,思明,1800
岭兜小区北区-前埔南区,思明,3800
金榜铁路家园-火车站,思明,5300
何厝小区-会展路,思明,3000
高林居住区北区-观音山,思明,3800
海艺大厦-软件园,思明,2100
明丰财富中心-前埔南区,思明,1800
岭兜佳园-前埔北区,思明,1300
明发园-前埔北区,思明,2500
明丰财富中心-前埔南区,思明,5300
一代风华-松柏,思明,1900
太平洋广场北楼-嘉禾路,思明,2000
湖滨三里-湖滨东路,思明,2300
新景花园-软件园,思明,4500
碧海晴空-软件园,思明,2000
岭兜一里-软件园,思明,3500
岭兜佳园-前埔北区,思明,2500
禹洲花园三期-莲花五村,思明,3200
嘉盛豪园-瑞景,思明,1300
嘉盛豪园-瑞景,思明,1300
海峡国际社区二期-会展路,思明,7000
海峡国际社区四期-会展路,思明,7800
海峡国际社区二期-会展路,思明,11000
清河公寓-莲前西路,思明,2800
自然家园-火车站,思明,1350
鑫塔水尚-观音山,思明,9500
鑫塔水尚-观音山,思明,12000
嘉华大厦-长青路,思明,2500
嘉华大厦-长青路,思明,2300
江头长青K小区-松柏,思明,3000
武汉大厦-莲花一村,思明,3500
宝华花园思明-湖滨北路,思明,2600
怡祥大厦-松柏,思明,6000
富宇大厦-火车站,思明,4700
嘉华大厦-长青路,思明,2300
云顶山庄花园-莲前,思明,5000
阳光花园-松柏,思明,4200
莲岳里小区-白城,思明,4500
嘉华大厦-长青路,思明,2800
侨旺大厦-嘉禾路,思明,4500
岭兜一里-软件园,思明,4200
假日花园-火车站,思明,4500
禹洲世贸国际-火车站,思明,4000
禹洲世贸国际-火车站,思明,3500
富宇大厦-火车站,思明,4700
锦绣广场-松柏,思明,6200
永升华庭-松柏,思明,9900
宝华花园思明-湖滨北路,思明,3500
宝华花园思明-湖滨北路,思明,3500
莲前西路水务宿舍-富山,思明,2900
侨建小区-金鸡亭,思明,3600
自然家园二期-火车站,思明,1600
海峡国际社区一期-会展路,思明,12000
万科金域蓝湾二期-瑞景,思明,9000
海峡国际社区二期-会展路,思明,6800
海峡国际社区二期-会展路,思明,11500
海峡国际社区二期-会展路,思明,4600
湖滨三里-湖滨南路,思明,4300
龙山二期安置房-莲花五村,思明,3800
金祥大厦-禾祥东路,思明,4500
岭兜佳园小区-软件园,思明,3300
岭兜佳园小区-软件园,思明,2700
岭兜佳园小区-软件园,思明,2800
明丰财富中心-软件园,思明,1700
岭兜佳园小区-软件园,思明,2450
岭兜小区-前埔北区,思明,4000
岭兜佳园-前埔北区,思明,2700
海艺大厦-软件园,思明,2000
岭兜二里-前埔北区,思明,3000
潘宅南小区-瑞景,思明,4500
潘宅南小区-瑞景,思明,5000
洪山柄南区-瑞景,思明,2900
嘉盛豪园一期-瑞景,思明,3000
嘉盛豪园一期-瑞景,思明,1400
思明湖滨东路金领广场-湖滨东路,思明,5400
大洲城市花园-湖滨东路,思明,2500
金辉园-湖滨南路,思明,3700
假日花园-厦禾路,思明,3000
百源双玺-厦禾路,思明,6500
禹洲世贸国际-火车站,思明,4300
源昌商业中心-火车站,思明,2800
金榜小区-金榜路,思明,1650
禹洲世贸国际-火车站,思明,3500
官邸大厦-火车站,思明,4000
城市花园-文灶,思明,6500
东坪花园-东浦路,思明,4000
惠景新村-东浦路,思明,3200
禹洲世贸国际-火车站,思明,3200
富城花园-湖滨东路,思明,1200
罗宾森广场二期-火车站,思明,3800
禹洲世贸国际-火车站,思明,4500
裕康花园-双涵路,思明,900
鸿运大厦-火车站,思明,1900
银龙广场-文灶,思明,3200
源昌广场-火车站,思明,1800
厦门思明区九龙城-文灶,思明,1600
官邸大厦-火车站,思明,1000
源昌广场-火车站,思明,1100
惠景新村-东浦路,思明,3000
惠景新村-火车站,思明,3400
明丰财富中心-前埔南区,思明,2800
岭兜佳园-前埔北区,思明,2800
岭兜小区中区-前埔南区,思明,4000
家家海景-前埔北区,思明,7200
岭兜小区-前埔北区,思明,3700
云顶山庄花园-莲前,思明,3000
湖滨东路-湖滨东路,思明,850
富城花园-禾祥东路,思明,2500
卧龙晓城-莲前西路,思明,2300
卧龙晓城-莲前西路,思明,2300
卧龙晓城-莲前西路,思明,2300
三木清华-莲前西路,思明,5200
云顶山庄花园-莲前,思明,3000
长青路-长青路,思明,2400
阳光花园-长青路,思明,3200
莲坂小区-长青路,思明,2500
莲坂西小区-长青路,思明,3800
宝龙中心-嘉禾路,思明,2500
彩霞公寓-湖滨南路,思明,5500
红星瑞景小区-瑞景,思明,4800
红星瑞景小区-瑞景,思明,4500
福满山庄-瑞景,思明,2500
文兴社-瑞景,思明,4600
文兴社-瑞景,思明,4800
汇盛花园-莲前,思明,5000
翡翠城二期-火车站,思明,2400
建发花园三期-东浦路,思明,3800
建发花园三期-东浦路,思明,3800
东坪花园二期-东浦路,思明,4300
富城花园-禾祥东路,思明,2700
龙山居-莲前西路,思明,4000
龙山山庄-莲前西路,思明,3800
龙山山庄-莲前西路,思明,3600
龙山二期安置房-莲前西路,思明,4300
卧龙晓城二期-莲前,思明,4000
卧龙晓城二期-莲前,思明,4000
毅宏大厦-莲前西路,思明,4000
墩仔家园-莲前,思明,2400
阳光百合-富山,思明,5500
上东美地-软件园,思明,1500
明丰财富中心-前埔南区,思明,2500
明丰财富中心-软件园,思明,2300
明丰财富中心-软件园,思明,3000
鑫阳公寓-禾祥东路,思明,4200
岭兜小区北区-软件园,思明,3800
岭兜佳园小区-软件园,思明,3500
海艺大厦-软件园,思明,2100
岭兜小区-软件园,思明,3400
岭兜小区-软件园,思明,3100
云顶花园-莲前,思明,2600
水岸oY-育秀路,思明,7200
嘉华大厦-长青路,思明,3300
联发滨海名居-会展路,思明,7500
海峡国际社区一期-会展路,思明,9000
海峡国际社区一期-会展路,思明,9200
海峡国际社区二期-会展路,思明,6500
海峡国际社区二期-会展路,思明,4500
枫丹雅苑-金榜路,思明,3200
岭兜一里-软件园,思明,4500
明发园-前埔北区,思明,2200
海峡国际社区一期-槟榔东里,思明,9500
海峡国际社区二期-槟榔东里,思明,4600
云顶花园-莲前,思明,2600
宝华花园思明-湖滨北路,思明,3200
宝华花园思明-湖滨北路,思明,3500
海峡国际社区一期-槟榔东里,思明,9500
海峡国际社区二期-槟榔东里,思明,4600
云顶花园-莲前,思明,2600
宝华花园思明-湖滨北路,思明,3200
宝华花园思明-湖滨北路,思明,3500
富宇大厦-火车站,思明,4700
信和上筑-嘉禾路,思明,4800
怡祥大厦-松柏,思明,5000
永升花园-松柏,思明,6200
永升花园-松柏,思明,6500
汇腾大厦-松柏,思明,6800
嘉华大厦-长青路,思明,3200
禹洲花园一期-莲花五村,思明,2800
福满山庄-瑞景,思明,1700
源昌广场-禾祥东路,思明,6200
金鸡亭花园-金鸡亭,思明,2850
禹洲花园三期-莲花五村,思明,3800
江头长青K小区-松柏,思明,3050
电业花园-富山,思明,3750
莲坂西小区-富山,思明,3000
莲坂西小区-富山,思明,3000
莲坂小区-槟榔东里,思明,2700
莲坂小区-槟榔东里,思明,1800
岭兜二里-软件园,思明,2600
岭兜佳园-软件园,思明,2650
岭兜二里-软件园,思明,3400
岭兜佳园小区-软件园,思明,2800
岭兜一里-软件园,思明,3700
海峡国际社区二期-会展路,思明,4100
侨福城小区三期-莲前东路,思明,4000
红星瑞景小区-瑞景,思明,2800
红星瑞景小区-瑞景,思明,3500
墩仔家园-莲前,思明,2400
东坪花园-火车站,思明,4900
明发园-前埔北区,思明,1850
岭兜小区中区-前埔南区,思明,4500
明发园-前埔北区,思明,2600
卧龙晓城二期-莲前,思明,4000
莲花大厦-吕厝西,思明,1400
潇湘大厦-嘉禾路,思明,3600
天宝大厦-松柏,思明,3800
天宝大厦-松柏,思明,1500
音乐家生活广场-松柏,思明,1700
天宝大厦-松柏,思明,1400
莲岳里-松柏,思明,4800
中关委大厦-嘉禾路,思明,800
中关委大厦-嘉禾路,思明,800
天宝大厦-松柏,思明,4600
音乐家生活广场-松柏,思明,1900
四川大厦-松柏,思明,3300
松柏华庭-松柏,思明,5300
中关委大厦-Null,思明,5500
天宝大厦-松柏,思明,2400
中关委大厦-嘉禾路,思明,5000
音乐家生活广场-松柏,思明,2000
音乐家生活广场-松柏,思明,5500
东方明珠广场-莲岳路,思明,1800
中关委大厦-嘉禾路,思明,800
天宝大厦-松柏,思明,3300
音乐家生活广场-松柏,思明,1250
莲花大厦-吕厝西,思明,1400
中关委大厦-嘉禾路,思明,2800
天宝大厦-松柏,思明,2600
中关委大厦-松柏,思明,2100
锦绣广场-松柏,思明,3200
一代风华-松柏,思明,1900
心悦园-松柏,思明,4800
港龙新城-莲岳路,思明,1500
天宝大厦-松柏,思明,3500
中关委大厦-嘉禾路,思明,1000
中关委大厦-嘉禾路,思明,1000
中关委大厦-嘉禾路,思明,55000
翠湖-长青路,思明,4200
嘉盛豪园-瑞景,思明,4500
嘉盛豪园-瑞景,思明,4700
嘉盛豪园-瑞景,思明,6200
嘉盛豪园-瑞景,思明,5800
嘉盛豪园-瑞景,思明,5800
岭兜一里-软件园,思明,4500
明发城-前埔北区,思明,5500
岭兜佳园-前埔北区,思明,1300
新景花园-软件园,思明,2500
宝达大厦-嘉禾路,思明,3300
怡祥花园-松柏,思明,3800
信和上筑-嘉禾路,思明,5300
东方明珠广场-莲花一村,思明,6900
永升花园-松柏,思明,6800
中关委大厦-嘉禾路,思明,1800
天宝大厦-松柏,思明,1500
中关委大厦-嘉禾路,思明,2300
莲花大厦-吕厝西,思明,2800
天宝大厦-松柏,思明,4000
东方明珠广场-莲岳路,思明,2100
东方明珠广场-莲岳路,思明,2100
港龙新城-莲岳路,思明,1500
东方明珠广场-莲岳路,思明,1900
天宝大厦-松柏,思明,3900
天宝大厦-松柏,思明,1500
天宝大厦-松柏,思明,1400
世嘉花园-长青路,思明,5000
明发园-前埔北区,思明,2100
禹洲花园三期-莲花五村,思明,3300
中国铁建海曦-观音山,思明,5500
侨福城一期-瑞景,思明,4200
明发国际新城-会展路,思明,5200
红星瑞景小区-瑞景,思明,5000
万科金域蓝湾一期-莲前东路,思明,7800
信和上筑-嘉禾路,思明,4800
永升花园-松柏,思明,6800
信和上筑-嘉禾路,思明,4800
嘉华大厦-长青路,思明,3500
台亚大厦-莲花一村,思明,6000
莲坂西小区-长青路,思明,2500
莲坂小区-长青路,思明,2600
英皇湖畔花苑-松柏,思明,5200
宏益大厦-松柏,思明,4500
莲坂西小区-富山,思明,3500
长青路小区-长青路,思明,2000
自然家园-火车站,思明,4700
明发园-前埔北区,思明,1400
新景花园-软件园,思明,4500
岭兜佳园小区-前埔南区,思明,3900
善见豪山-观音山,思明,2500
鸿禧花园-莲花五村,思明,2188
英皇湖畔花苑-松柏,思明,3800
莲坂小区-槟榔东里,思明,2500
武汉大厦-莲花一村,思明,4800
宏益大厦-松柏,思明,5600
汇腾大厦-松柏,思明,6800
嘉华大厦-长青路,思明,3200
宝达大厦-嘉禾路,思明,3300
怡祥花园-松柏,思明,3800
信和上筑-嘉禾路,思明,5300
卧龙晓城-莲前西路,思明,3800
明发园-前埔北区,思明,1700
岭兜小区-软件园,思明,3400
岭兜二里-前埔北区,思明,2500
岭兜佳园小区-前埔南区,思明,3700
岭兜佳园-软件园,思明,1800
岭兜小区-软件园,思明,3600
岭兜小区-软件园,思明,4500
岭兜小区-软件园,思明,3600
海艺大厦-软件园,思明,2200
新景花园-软件园,思明,4300
东坪花园二期-东浦路,思明,4300
金枫园-东浦路,思明,5200
金枫园-东浦路,思明,5200
东坪花园二期-东浦路,思明,4300
山木清华-莲前西路,思明,4000
海峡国际天Z-金榜路,思明,7300
源昌广场-禾祥东路,思明,5500
明发园-前埔北区,思明,1700
海峡国际社区二期-会展路,思明,9800
水晶国际-观音山,思明,6000
明丰财富中心-软件园,思明,2100
新景花园-软件园,思明,4300
海晟棕蓝海-槟榔东里,思明,6900
富城花园-禾祥东路,思明,4500
清河公寓-莲前西路,思明,2800
龙山二期安置房-莲花五村,思明,3300
岭兜佳园小区-软件园,思明,2200
明丰财富中心-软件园,思明,5300
明发园-软件园,思明,4500
明丰财富中心-软件园,思明,2600
新景花园-软件园,思明,4500
长青路K小区-长青路,思明,1100
宝达大厦-嘉禾路,思明,5900
宝达大厦-嘉禾路,思明,5900
东方明珠广场-莲花一村,思明,6900
永升花园-松柏,思明,6800
锦绣广场-松柏,思明,3500
自然家园-火车站,思明,4200
明发园-前埔北区,思明,3000
岭兜小区-软件园,思明,2700
海艺大厦-软件园,思明,2100
岭兜小区-软件园,思明,3200
高林居住区北区-观音山,思明,3800
锦绣广场-松柏,思明,5999
永升花园-松柏,思明,6200
高林居住区北区-软件园,思明,2000
莲坂西小区-富山,思明,2900
碧湖豪庭-富山,思明,2800
宝龙中心二期-富山,思明,3500
江头长青K小区-松柏,思明,2700
江头长青K小区-松柏,思明,2900
侨旺大厦-嘉禾路,思明,4200
宝龙中心一期-松柏,思明,4000
莲坂小区-长青路,思明,2500
宝龙中心一期-松柏,思明,4000
莲坂小区-槟榔东里,思明,3300
明丰财富中心-前埔南区,思明,1650
明丰财富中心-前埔南区,思明,2000
潘宅南小区-莲前东路,思明,4300
明发园-前埔北区,思明,1850
龙山二期安置房-槟榔东里,思明,3800
高林居住区南区-软件园,思明,3900
湖边花园-观音山,思明,3800
汇腾大厦-松柏,思明,5500
东方明珠广场-莲花一村,思明,17999
锦绣广场-松柏,思明,5999
信和上筑-嘉禾路,思明,5000
北区一里-莲前东路,思明,4000
宝龙中心二期-富山,思明,5500
台亚大厦-莲花一村,思明,3400
武汉大厦-莲花一村,思明,6500
武汉大厦-莲花一村,思明,6500
怡祥大厦-松柏,思明,5300
永升华庭-松柏,思明,6500
怡祥大厦-松柏,思明,4500
宝龙中心一期-松柏,思明,2500
嘉华大厦-长青路,思明,4600
自然家园-火车站,思明,4800
观音山公寓-观音山,思明,5000
富城花园-禾祥东路,思明,3000
新景花园-软件园,思明,3200
新景花园-软件园,思明,3500
岭兜佳园小区-前埔南区,思明,2700
海艺大厦-软件园,思明,2000
海艺大厦-软件园,思明,2200
百源双玺-厦禾路,思明,4100
民盛商厦-瑞景,思明,2000
嘉盛豪园-瑞景,思明,5000
玉成豪园-莲前西路,思明,1800
洪山柄北区-莲前西路,思明,2600
嘉盛豪园（莲前）-莲前西路,思明,2300
民盛商厦-瑞景,思明,900
嘉盛豪园-瑞景,思明,5800
红星瑞景小区-瑞景,思明,1700
嘉盛豪园-瑞景,思明,1850
洪山柄北区-莲前西路,思明,4000
洪山柄北区-莲前西路,思明,1500
嘉盛豪园-瑞景,思明,1400
洪山柄北区-莲前西路,思明,3200
嘉盛豪园（莲前）-莲前西路,思明,900
西林云顶-莲前西路,思明,2800
嘉盛豪园（莲前）-莲前西路,思明,1300
嘉盛豪园-瑞景,思明,1000
嘉盛豪园（莲前）-莲前西路,思明,1500
嘉盛豪园（莲前）-莲前西路,思明,1000
洪山柄北区-莲前西路,思明,1600
嘉盛豪园（莲前）-莲前西路,思明,1000
嘉盛豪园（莲前）-莲前西路,思明,1800
嘉盛豪园（莲前）-莲前西路,思明,5000
嘉盛豪园（莲前）-莲前西路,思明,6000
嘉盛豪园G组-莲前东路,思明,1700
红星瑞景小区-瑞景,思明,1700
金辉园-湖滨南路,思明,2800
嘉盛豪园（莲前）-莲前西路,思明,1600
嘉盛豪园（莲前）-莲前西路,思明,4200
洪山柄北区-莲前西路,思明,3200
洪山炳北区-莲前西路,思明,3500
嘉盛豪园-瑞景,思明,1600
嘉盛豪园-瑞景,思明,5000
明发宿舍楼-莲前西路,思明,2000
嘉盛豪园-瑞景,思明,4200
洪山柄北区-莲前西路,思明,1000
龙山居-莲前西路,思明,2300
洪山柄北区-莲前西路,思明,4000
嘉盛豪园-瑞景,思明,5000
嘉盛豪园（莲前）-莲前西路,思明,1300
嘉盛豪园（莲前）-莲前西路,思明,1200
嘉盛豪园-瑞景,思明,4200
洪山柄北区-莲前西路,思明,3200
玉成豪园-莲前西路,思明,2900
嘉盛豪园-瑞景,思明,1800
嘉盛豪园（莲前）-莲前西路,思明,6300
禹洲花园一期-莲花五村,思明,3980
明发宿舍楼-莲前西路,思明,3200
嘉盛豪园（莲前）-莲前西路,思明,4500
洪山柄北区-莲前西路,思明,4000
嘉盛豪园-瑞景,思明,1200
嘉盛豪园-瑞景,思明,2000
洪山炳北区-莲前西路,思明,3400
嘉盛豪园（莲前）-莲前西路,思明,2400
嘉盛豪园（莲前）-莲前西路,思明,1800
嘉盛豪园-瑞景,思明,4200
嘉盛豪园-瑞景,思明,1100
东方花园-莲前西路,思明,1400
墩仔家园-金鸡亭,思明,1500
嘉盛豪园（莲前）-莲前西路,思明,1900
嘉盛豪园-莲前东路,思明,5000
嘉盛豪园-瑞景,思明,5000
嘉盛豪园（莲前）-莲前西路,思明,2400
嘉盛豪园-瑞景,思明,2000
嘉盛豪园（莲前）-莲前西路,思明,4200
洪山柄北区-莲前西路,思明,3600
岭兜佳园小区-前埔南区,思明,2200
明丰财富中心-前埔南区,思明,5500
明发园-前埔北区,思明,5000
明丰财富中心-前埔南区,思明,2600
新景花园-软件园,思明,4500
明发园-前埔北区,思明,3600
海艺大厦-软件园,思明,2350
自然家园-火车站,思明,1500
时尚国际-火车站,思明,3500
时尚国际-火车站,思明,2800
东坪花园二期-东浦路,思明,4300
金枫园-东浦路,思明,5200
怡祥大厦-松柏,思明,5000
永升花园-松柏,思明,6500
明发园-软件园,思明,3600
前埔北区一里-莲前东路,思明,4100
岭兜佳园小区-软件园,思明,3800
善见豪山-观音山,思明,2500
何厝小区-观音山,思明,2500
店上东里-前埔南区,思明,4500
海峡国际社区二期-会展路,思明,9800
岭兜佳园-软件园,思明,3600
岭兜一里-软件园,思明,3650
何厝小区-会展路,思明,2000
岭兜一里-软件园,思明,4600
观音山公寓-观音山,思明,4500
住宅水晶国际-观音山,思明,8000
观音山公寓-观音山,思明,6000
卧龙晓城二期-莲前,思明,4700
明发园-前埔北区,思明,1600
城立方-富山,思明,5900
莲坂西小区-富山,思明,1900
锦绣广场-松柏,思明,6600
锦绣广场-松柏,思明,4800
华天花园-嘉禾路,思明,4600
莲坂西小区-富山,思明,2900
水岸oY-育秀路,思明,7500
金龙花园-莲花一村,思明,4300
电业花园-富山,思明,4500
电业花园-富山,思明,3800
宝龙中心一期-松柏,思明,1800
华天花园-嘉禾路,思明,5000
电业花园-富山,思明,3600
电业花园-富山,思明,4000
宝达大厦-嘉禾路,思明,3400
莲坂小区-长青路,思明,3000
水晶国际-观音山,思明,6000
明丰财富中心-软件园,思明,2100
联发紫薇花园-前埔北区,思明,6000
岭兜二里-软件园,思明,5000
古兴里-前埔南区,思明,5800
岭兜二里小区-软件园,思明,4500
岭兜二里小区-软件园,思明,4800
前埔北区一里-莲前东路,思明,4100
岭兜小区-前埔北区,思明,3150
岭兜佳园小区-前埔南区,思明,2450
岭兜小区北区-前埔南区,思明,3500
岭兜佳园小区-前埔南区,思明,3500
海艺大厦-软件园,思明,2100
明丰财富中心-软件园,思明,1700
岭兜佳园-前埔北区,思明,1700
罗宾森广场二期-厦禾路,思明,6900
益泰大厦-火车站,思明,3300
京华大厦-厦禾路,思明,2400
京华大厦-厦禾路,思明,2450
罗宾森广场-火车站,思明,6200
源昌广场-火车站,思明,4900
益泰大厦-火车站,思明,3500
禹州云顶国际-莲前,思明,6900
源昌广场-火车站,思明,4600
惠景新村-东浦路,思明,2600
半山御景-东浦路,思明,2200
森景华庭-东浦路,思明,5000
东坪花园-东浦路,思明,3600
自然家园二期-东浦路,思明,6000
东坪山庄-东浦路,思明,3200
自然家园二期-东浦路,思明,4200
仙岳东村-七星路,思明,4500
东浦路小区-东浦路,思明,5500
自然家园-东浦路,思明,4200
东坪山庄-东浦路,思明,3200
自然家园二期-东浦路,思明,7000
自然家园二期-东浦路,思明,7500
东坪花园-东浦路,思明,3100
东坪花园-东浦路,思明,5800
东浦路小区-东浦路,思明,2600
东浦路-东浦路,思明,2500
金枫园-东浦路,思明,3700
东坪花园-东浦路,思明,3800
紫荆园-禾祥东路,思明,4600
东方巴黎-禾祥东路,思明,2200
官都里-东浦路,思明,2800
自然家园二期-东浦路,思明,4400
岭兜二里-前埔北区,思明,2000
文兴社-瑞景,思明,4100
华林紫薇花园-莲前东路,思明,7500
岭兜小区-前埔北区,思明,3500
龙山二期安置房-莲花五村,思明,3800
湖滨三里-湖滨东路,思明,3300
宝华花园思明-湖滨北路,思明,4000
宝华花园思明-湖滨北路,思明,3000
明发园-前埔北区,思明,1800
明发园-前埔北区,思明,1900
观音山公寓-观音山,思明,8000
观音山公寓-观音山,思明,3800
岭兜二里-前埔北区,思明,3200
海悦和居-观音山,思明,5200
明发城-前埔北区,思明,5000
海峡国际社区-火车站,思明,8000
宝达大厦-嘉禾路,思明,3800
宏益大厦-松柏,思明,5300
电业花园-富山,思明,4000
水岸oY-育秀路,思明,7500
龙山二期安置房-槟榔东里,思明,4500
岭兜一里-软件园,思明,4500
明发园-软件园,思明,2500
新景花园-软件园,思明,2500
碧海晴空-软件园,思明,12000
明发城-软件园,思明,2200
明丰财富中心-软件园,思明,3800
明丰财富中心-前埔北区,思明,3300
翡翠城二期-火车站,思明,2400
建发花园三期-东浦路,思明,3800
禹洲花园二期-莲花五村,思明,3200
富宇大厦-火车站,思明,5800
嘉华大厦-长青路,思明,2300
东方明珠广场-嘉禾路,思明,4500
莲坂小区-长青路,思明,2500
莲坂小区-长青路,思明,3200
岭兜小区-前埔北区,思明,3400
岭兜小区-前埔北区,思明,3100
岭兜小区-前埔北区,思明,3600
岭兜小区-前埔北区,思明,4500
海艺大厦-软件园,思明,2200
明丰财富中心-前埔南区,思明,1700
罗宾森璀璨新城二期-火车站,思明,5800
鑫塔水尚-观音山,思明,9000
宝龙中心二期-湖滨北路,思明,5500
莲坂西小区-富山,思明,3600
电业花园-富山,思明,3600
宝龙中心一期-松柏,思明,2100
怡祥花园-松柏,思明,3500
嘉华大厦-长青路,思明,5800
宝华花园-湖滨北路,思明,6200
岭兜二里-前埔北区,思明,3200
岭兜二里-前埔北区,思明,3200
明发园-前埔北区,思明,3700
明丰大厦岭兜小区明发园明发城岭兜一里岭兜二里-软件园,思明,4000
新景花园-软件园,思明,4300
岭兜一里-软件园,思明,4200
明丰财富中心-软件园,思明,1800
明丰财富中心-前埔南区,思明,5300
金龙花园-莲花一村,思明,3800
宝龙中心一期-松柏,思明,4500
宝龙中心一期-松柏,思明,5500
莲坂西小区-富山,思明,2900
汇腾大厦-松柏,思明,6800
怡祥花园-松柏,思明,4300
禹洲花园一期-莲前西路,思明,3000
百合花园-富山,思明,9000
香江大花园-莲花一村,思明,4900
宝达大厦-嘉禾路,思明,5000
莲坂西小区-富山,思明,3100
明丰财富中心-前埔南区,思明,3800
明丰财富中心-前埔南区,思明,1700
岭兜佳园小区-前埔南区,思明,3300
岭兜佳园小区-前埔南区,思明,2700
岭兜佳园小区-前埔南区,思明,2800
岭兜小区-前埔北区,思明,3900
岭兜小区-前埔北区,思明,3800
新景花园-软件园,思明,3400
岭兜佳园小区-前埔南区,思明,2800
新景花园-软件园,思明,3700
明丰财富中心-软件园,思明,1600
何厝小区-观音山,思明,2600
岭兜小区-软件园,思明,4000
明发园-软件园,思明,4200
明发园-软件园,思明,4650
岭兜佳园-前埔北区,思明,4800
岭兜一里-软件园,思明,3800
岭兜一里-软件园,思明,4500
新景花园-软件园,思明,4500
岭兜小区-前埔北区,思明,4500
岭兜小区-前埔北区,思明,4000
岭兜佳园小区-前埔南区,思明,2800
岭兜一里-软件园,思明,4500
明发园-前埔北区,思明,3600
明丰财富中心-软件园,思明,1800
大洲国际龙郡公寓-会展路,思明,3200
岭兜佳园-软件园,思明,1700
岭兜一里-软件园,思明,2700
新景花园-软件园,思明,4500
香山海景苑-软件园,思明,1700
何厝小区-会展路,思明,2000
家家海景-前埔北区,思明,3200
岭兜佳园小区-前埔南区,思明,2000
明丰财富中心-前埔南区,思明,1800
岭兜佳园-前埔北区,思明,1300
明丰财富中心-前埔南区,思明,1700
明发园-前埔北区,思明,1450
岭兜佳园-前埔北区,思明,1600
岭兜小区北区-前埔南区,思明,1800
岭兜佳园小区-软件园,思明,3600
明丰财富中心-前埔南区,思明,1700
香山海景苑-前埔南区,思明,1600
海艺大厦-软件园,思明,2100
明丰财富中心-软件园,思明,1700
明丰财富中心-软件园,思明,2100
岭兜二里-软件园,思明,3400
海艺大厦-软件园,思明,1900
岭兜佳园-软件园,思明,2500
岭兜佳园-软件园,思明,2600
岭兜小区-前埔北区,思明,2500
岭兜佳园-前埔北区,思明,2300
明发园-前埔北区,思明,4800
新景花园-软件园,思明,2600
明发园-前埔北区,思明,3600
岭兜小区-前埔北区,思明,3100
岭兜佳园小区-前埔南区,思明,2800
明丰财富中心-前埔南区,思明,1700
明发园-前埔北区,思明,1500
岭兜小区-软件园,思明,3500
碧海晴空-软件园,思明,2000
岭兜佳园小区-软件园,思明,3300
海艺大厦-软件园,思明,2100
明丰财富中心-软件园,思明,3800
明丰财富中心-软件园,思明,1800
岭兜佳园小区-软件园,思明,1800
明丰财富中心-软件园,思明,5500
岭兜小区-软件园,思明,3600
明丰财富中心-软件园,思明,1500
碧海晴空-软件园,思明,1400
明发城-前埔北区,思明,2800
岭兜佳园-前埔北区,思明,2200
岭兜小区-前埔北区,思明,3600
岭兜佳园小区-前埔南区,思明,3300
家家海景-前埔北区,思明,5200
岭兜佳园小区-前埔南区,思明,2450
明丰财富中心-前埔南区,思明,4400
明发园-前埔北区,思明,1500
海艺大厦-软件园,思明,2100
岭兜佳园-软件园,思明,2300
明丰财富中心-软件园,思明,2100
岭兜佳园-软件园,思明,3000
香山海景苑-软件园,思明,2300
明丰财富中心-软件园,思明,1900
岭兜佳园小区-软件园,思明,3600
岭兜佳园小区-软件园,思明,2200
岭兜佳园小区-软件园,思明,3500
岭兜二里-前埔北区,思明,4500
岭兜佳园-软件园,思明,1700
岭兜佳园-软件园,思明,1700
海艺大厦-软件园,思明,2100
岭兜佳园-软件园,思明,3700
明发城-软件园,思明,2900
岭兜小区-软件园,思明,2900
岭兜小区-前埔北区,思明,3800
岭兜佳园-前埔北区,思明,1600
明发城-前埔北区,思明,1300
岭兜小区-软件园,思明,2200
香山海景苑-软件园,思明,4500
明丰财富中心-前埔南区,思明,3800
香山海景苑-软件园,思明,1800
岭兜小区-软件园,思明,3200
岭兜一里-软件园,思明,2800
岭兜小区-软件园,思明,3800
明丰财富中心-前埔南区,思明,1700
明发园-前埔北区,思明,4500
岭兜小区-前埔北区,思明,3400
新景花园-软件园,思明,4300
新景花园-软件园,思明,1700
明发城-前埔北区,思明,1600
岭兜佳园-前埔北区,思明,1500
明发园-前埔北区,思明,1650
世茂湖滨首府D区-软件园,思明,2300
明发园-前埔北区,思明,2200
明丰财富中心-前埔南区,思明,1600
明丰财富中心-前埔南区,思明,1900
岭兜小区-前埔北区,思明,3100
岭兜小区-前埔北区,思明,3500
新景花园-软件园,思明,3700
宝龙中心二期-富山,思明,4200
嘉华大厦-长青路,思明,5000
仙岳-松柏,思明,6300
宝龙中心一期-松柏,思明,3600
宝龙中心一期-松柏,思明,5500
怡祥大厦-松柏,思明,6200
永升花园-松柏,思明,6000
英皇湖畔花苑-松柏,思明,5000
岭兜小区-前埔北区,思明,3200
新景花园-软件园,思明,3500
碧海晴空-软件园,思明,1900
岭兜小区-软件园,思明,3100
明丰财富中心-软件园,思明,4200
岭兜佳园-软件园,思明,4500
岭兜佳园-软件园,思明,2900
明丰财富中心-前埔南区,思明,2800
莲坂西小区-富山,思明,3000
嘉华大厦-长青路,思明,2300
汇腾大厦-松柏,思明,6800
怡祥大厦-松柏,思明,6200
世嘉花园-松柏,思明,4500
宝达大厦-嘉禾路,思明,3800
宝华花园思明-湖滨北路,思明,4300
嘉华大厦-长青路,思明,2300
江头长青K小区-松柏,思明,3000
莲坂小区-槟榔东里,思明,1400
湖边御景A区-软件园,思明,3000
故宫裕景-厦禾路,思明,6500
富华广场-禾祥西路,思明,2300
故宫裕景-厦禾路,思明,4200
双莲池-故宫路,思明,2500
中山公园别墅-公园附近,思明,100000
故宫小区-厦禾路,思明,2700
故宫裕景-厦禾路,思明,3000
故宫裕景-厦禾路,思明,7500
龙景台-禾祥东路,思明,4500
侨福城二期-观音山,思明,1300
长青K小区-松柏,思明,3500
华天花园-嘉禾路,思明,4500
岭兜佳园-前埔北区,思明,2800
岭兜小区中区-前埔南区,思明,4000
家家海景-前埔北区,思明,7200
岭兜佳园小区-前埔南区,思明,1800
明丰财富中心-前埔南区,思明,2100
何厝小区-会展路,思明,3800
明丰财富中心-软件园,思明,2500
观音山公寓-观音山,思明,3000
观音山公寓-观音山,思明,5000
世茂湖滨首府D区-白城,思明,2000
岭兜佳园-软件园,思明,3900
岭兜佳园-软件园,思明,1700
宝华花园思明-湖滨北路,思明,3100
台亚大厦-莲花一村,思明,4200
水岸oY-育秀路,思明,7000
宝达大厦-嘉禾路,思明,6500
东方明珠广场-莲花一村,思明,17999
观音山公寓-观音山,思明,2000
东芳山庄小区-瑞景,思明,750
东芳山庄小区-软件园,思明,750
卧龙晓城-莲前西路,思明,3900
嘉滨里-松柏,思明,3500
宝华花园思明-湖滨北路,思明,3999
新景花园-软件园,思明,4300
宝华花园思明-湖滨北路,思明,2888
江头长青K小区-松柏,思明,3800
江头长青K小区-松柏,思明,3000
新港龙花园-莲岳路,思明,3600
莲坂西小区-富山,思明,1900
宝达大厦-嘉禾路,思明,3600
明发城-前埔北区,思明,1600
上东美地-软件园,思明,1500
阳光百合-莲前西路,思明,5500
毅宏大厦-莲前西路,思明,4000
龙山居-莲前西路,思明,3500
龙山安置房-莲前西路,思明,4300
金鸡亭花园小区-金鸡亭,思明,3500
龙山居-莲前西路,思明,4200
阳光百合-莲前西路,思明,4000
山木清华-莲前西路,思明,5200
厦汽宿舍-莲前西路,思明,3500
金鸡亭小区花园-莲前西路,思明,3500
源昌君悦山-莲前西路,思明,5500
禹洲云顶国际-莲前西路,思明,8000
源昌君悦山-莲前西路,思明,6800
金沙花园-莲前西路,思明,4200
武汉大厦-嘉禾路,思明,6500
信和上筑-嘉禾路,思明,4500
永升华庭-松柏,思明,9000
宝龙中心一期-松柏,思明,5500
台亚大厦-嘉禾路,思明,4200
明发国际新城-会展路,思明,4500
怡祥花园-松柏,思明,5200
莲坂小区-槟榔东里,思明,3300
阳光花园-松柏,思明,3500
嘉华大厦-长青路,思明,5000
明丰财富中心-前埔南区,思明,2500
明丰财富中心-软件园,思明,2300
明丰财富中心-软件园,思明,3000
明丰财富中心-软件园,思明,1700
金鸡亭花园小区-金鸡亭,思明,3900
观音山公寓-观音山,思明,2100
英皇湖畔花苑-松柏,思明,4500
金龙花园-莲花一村,思明,4300
明丰财富中心-软件园,思明,2500
海艺大厦-软件园,思明,2100
明发园-软件园,思明,2700
明发园-软件园,思明,1700
明丰财富中心-软件园,思明,1700
水晶国际-观音山,思明,2900
明丰财富中心-软件园,思明,1800
岭兜二里-软件园,思明,3300
明丰财富中心-软件园,思明,3300
东方明珠广场-莲花一村,思明,1700
莲坂西小区-富山,思明,3200
宝龙中心一期-松柏,思明,4500
嘉华大厦-长青路,思明,3300
嘉华大厦-长青路,思明,2300
东方明珠广场-莲花一村,思明,4400
锦绣广场-松柏,思明,6600
嘉华大厦-长青路,思明,4700
怡祥花园-松柏,思明,5200
武汉大厦-莲花一村,思明,6500
信和上筑-嘉禾路,思明,5000
信和上筑-嘉禾路,思明,4500
怡祥花园-松柏,思明,4700
永升花园-松柏,思明,7999
华天花园-嘉禾路,思明,6600
宝龙中心一期-松柏,思明,4500
宝龙中心二期-富山,思明,4800
碧海清空-软件园,思明,1600
香山碧海晴空-软件园,思明,1900
富宇大厦-火车站,思明,5800
屿后南里122-171号小区-松柏,思明,3500
江头长青K小区-松柏,思明,3800
华天花园-嘉禾路,思明,6600
信和上筑-嘉禾路,思明,6000
怡祥大厦-松柏,思明,6200
岭兜小区-前埔北区,思明,3500
嘉华大厦-长青路,思明,5200
信和上筑-嘉禾路,思明,5000
华天花园-嘉禾路,思明,6300
宝华花园思明-湖滨北路,思明,3500
英皇湖畔花苑-松柏,思明,3800
永升华庭-松柏,思明,8999
信和上筑-嘉禾路,思明,4600
宝龙中心一期-松柏,思明,5500
莲坂西小区-富山,思明,3400
香榭园-莲前西路,思明,1750
宝龙中心一期-嘉禾路,思明,4500
嘉华大厦-长青路,思明,2300
永升花园-松柏,思明,6500
怡祥花园-松柏,思明,4700
假日香港广场-思明北路,思明,4500
大同路附近-大同路,思明,3500
南中广场-中山路,思明,3900
南中广场-中山路,思明,2500
打索埕巷-思明东路,思明,3600
政协宿舍-斗西路,思明,4200
华侨海景城-鹭江道,思明,5800
墙顶巷-新华路,思明,2700
佳祥花园-富山,思明,7000
大同路-大同路,思明,1950
大同路-大同路,思明,1650
老虎城-中山路,思明,2600
假日香港广场-思明北路,思明,4500
假日香港广场-思明北路,思明,4500
东方时代广场-厦禾路,思明,7500
假日香港广场-思明北路,思明,4500
源昌国际城-厦禾路,思明,8500
南猪行巷-鹭江道,思明,2200
源通中心-厦禾路,思明,3100
假日香港广场-思明北路,思明,7100
岭兜小区-前埔北区,思明,2800
岭兜小区-前埔北区,思明,3500
江头长青K小区-松柏,思明,3200
世嘉花园-松柏,思明,5500
怡富花园-莲前西路,思明,900
源昌君悦山-莲前西路,思明,5500
山木清华-莲前,思明,5500
台亚大厦-莲花一村,思明,5000
怡祥大厦-松柏,思明,6200
莲富大厦-莲前西路,思明,3500
金龙花园-莲花一村,思明,3800
电业花园-富山,思明,3300
岭兜一里-观音山,思明,3600
金鸡亭-金鸡亭,思明,3500
金沙花园-莲前,思明,4200
山木清华-莲前,思明,5200
山木清华-莲前,思明,5800
金鸡亭花园-金鸡亭,思明,3100
金龙苑-富山,思明,1850
金龙苑-富山,思明,1450
山木清华-莲前,思明,5700
海晟棕蓝海-槟榔西里,思明,3200
海晟棕蓝海-槟榔西里,思明,8600
槟榔西里单号区-Null,思明,3000
槟榔西里双号区-Null,思明,3500
福津大街-福津大街,思明,4600
南湖花园-槟榔东里,思明,4300
槟榔西里单号区-槟榔西里,思明,3500
槟榔西里-槟榔西里,思明,4500
南湖花园-槟榔西里,思明,6200
槟榔西里-槟榔西里,思明,3500
槟榔西里-槟榔西里,思明,3300
槟榔花园-槟榔西里,思明,2900
南湖中祥大厦-槟榔西里,思明,3000
海晟棕蓝海-槟榔西里,思明,3500
南湖豪苑-槟榔西里,思明,7800
槟榔西里-槟榔西里,思明,3500
南湖中祥大厦-槟榔西里,思明,3200
宝龙中心一期-松柏,思明,3900
莲坂小区-槟榔东里,思明,2700
卧龙晓城三期-莲前,思明,5800
浦南花园-莲前,思明,2480
山木清华-莲前,思明,4800
厦汽宿舍-富山,思明,3600
山水庭院-东浦路,思明,1500
假日花园-火车站,思明,2700
西林路-莲前西路,思明,3900
假日花园-厦禾路,思明,2700
宝龙中心一期-松柏,思明,4500
华天花园-嘉禾路,思明,6600
湖滨南路社区-湖滨南路,思明,1450
莲前西路227号小区-莲前西路,思明,3500
金鸡亭花园-金鸡亭,思明,3500
墩仔家园-莲前,思明,3200
云亭花园-金鸡亭,思明,2700
湖滨南路社区-湖滨南路,思明,1450
湖滨南路社区-湖滨南路,思明,1450
墩仔家园-莲前,思明,3500
永升花园-松柏,思明,3500
英皇湖畔花苑-松柏,思明,8233
新景世纪城A区-富山,思明,510
怡祥花园-松柏,思明,4200
宝华花园思明-湖滨北路,思明,6000
墩仔家园-金鸡亭,思明,1350
墩仔家园-金鸡亭,思明,1350
新景华府-吕厝西,思明,1000
都市港湾-湖滨北路,思明,1000
永升华庭-松柏,思明,9900
永升花园-松柏,思明,6500
森景华庭-文灶,思明,900
信和上筑-嘉禾路,思明,5000
富宇大厦-火车站,思明,5800
森景华庭-火车站,思明,900
莲坂小区-槟榔东里,思明,3300
信和上筑-嘉禾路,思明,5500
住总佳苑-育秀路,思明,4000
阜康大厦-莲花一村,思明,4700
宝达大厦-嘉禾路,思明,6500
华天花园-嘉禾路,思明,5200
金辉园-双涵路,思明,2700
宝龙中心一期-松柏,思明,4500
华天花园二期-嘉禾路,思明,4600
大学路沙坡尾-大学路,思明,750
华林绿洲-莲前东路,思明,1200
云顶花园-莲前,思明,3900
云顶花园-莲前,思明,3800
人才中心对面海洋学院边上边防宿舍东岳路47号606新装修-湖滨东路,思明,2800
莲富大厦-莲前西路,思明,3600
明发园-软件园,思明,5800
自然家园二期-火车站,思明,1200
华林绿景花园-瑞景,思明,1634
坑内路-坑内路,思明,3100
墩仔家园-金鸡亭,思明,3300
建达花园-文灶,思明,2900
钨业宿舍-文灶,思明,5000
云亭花园-莲前,思明,2700
建达花园-文屏路,思明,3600
华美宿舍-文灶,思明,2800
软件园二期-软件园,思明,750
东芳山庄小区-莲前西路,思明,750
钨业宿舍-文灶,思明,3000
文图花园-文灶,思明,4200
电业花园-富山,思明,5500
莲坂西小区-富山,思明,3800
莲坂西小区-富山,思明,3300
东方明珠广场二期-莲岳路,思明,6900
江头长青K小区-松柏,思明,2700
东方明珠广场二期-莲岳路,思明,6800
东芳山庄-莲前,思明,750
卧龙晓城东芳山庄-软件园,思明,750
锦绣广场-松柏,思明,6200
锦绣广场-松柏,思明,3500
长青路250-253号小区-长青路,思明,4500
信和上筑-嘉禾路,思明,5300
嘉华大厦-长青路,思明,2800
长青北里-松柏,思明,3200
建达花园-文屏路,思明,3500
莲坂西小区-富山,思明,3500
江头长青K小区-松柏,思明,3100
毅宏花园-松柏,思明,3500
信和上筑-嘉禾路,思明,5500
莲坂小区-长青路,思明,2800
宝龙中心二期-莲花一村,思明,5500
金峰山庄-文灶,思明,1900
建达花园-文灶,思明,4100
老市区禾祥西路、思北附近、角滨路邮电宿舍-湖滨南路,思明,3500
武汉大厦-莲花一村,思明,4800
怡祥花园-松柏,思明,3800
嘉滨里-松柏,思明,3300
莲岳里-松柏,思明,4200
莲岳里-松柏,思明,3400
阳光花园-松柏,思明,3500
金鸡亭东里-金鸡亭,思明,3300
云亭花园-莲前,思明,1400
卧龙晓城-莲前西路,思明,5500
金鸡亭西里-金鸡亭,思明,3200
卧龙晓城-莲前西路,思明,3800
云顶花园-莲前,思明,3600
金鸡亭西里-金鸡亭,思明,3200
金鸡亭花园-金鸡亭,思明,4200
卧龙晓城车站附近-金鸡亭,思明,4200
金鸡亭东里-金鸡亭,思明,3800
卧龙晓城-莲前西路,思明,1400
墩仔家园-金鸡亭,思明,1300
怡富雅苑-莲前西路,思明,1600
卧龙晓城-莲前西路,思明,2700
墩仔家园-金鸡亭,思明,2500
金林花园-金鸡亭,思明,4500
金鸡亭航空港宿舍-金鸡亭,思明,3500
墩仔家园-金鸡亭,思明,2400
明发商城-莲前西路,思明,1600
金鸡亭门口-金鸡亭,思明,4000
金鸡亭花园小区-金鸡亭,思明,3200
山木清华-莲前西路,思明,4000
金鸡亭花园小区-金鸡亭,思明,3000
明发商城-金鸡亭,思明,3500
金鸡亭花园-金鸡亭,思明,4200
禹洲花园-莲花五村,思明,3200
龙山安置房-莲前西路,思明,4500
龙山安置房-莲前西路,思明,4000
金林花园-金鸡亭,思明,5500
江头长青K小区-松柏,思明,3000
江头长青K小区-松柏,思明,3000
嘉华里-松柏,思明,3200
莲坂西小区-富山,思明,3100
怡祥花园-松柏,思明,3200
嘉华大厦-长青路,思明,3500
怡富花园-莲前西路,思明,1500
墩仔家园-金鸡亭,思明,1300
九龙城-厦禾路,思明,5300
明发商城-莲前西路,思明,3700
云亭花园-莲前,思明,4900
云亭花园-莲前,思明,4600
墩仔家园-金鸡亭,思明,2300
墩仔家园-金鸡亭,思明,1300
金鸡亭门口-金鸡亭,思明,4300
金沙花园-莲前西路,思明,4400
云亭花园-莲前西路,思明,4500
卧龙晓城-莲前西路,思明,4000
云亭花园-莲前,思明,4300
云顶花园-莲前,思明,3500
禹洲花园-莲前西路,思明,2200
金鸡亭东里-金鸡亭,思明,3600
云顶花园-莲前,思明,3500
怡富花园-莲前西路,思明,900
墩仔家园-金鸡亭,思明,1500
墩仔家园-金鸡亭,思明,1500
东芳花园-莲前西路,思明,2600
墩仔家园-金鸡亭,思明,2300
卧龙晓城二期-莲前西路,思明,4600
怡富花园-莲前西路,思明,1600
龙山山庄-莲前西路,思明,4000
金鸡亭西里-金鸡亭,思明,3000
墩仔家园-金鸡亭,思明,2400
墩仔家园-莲前西路,思明,2000
墩仔家园-金鸡亭,思明,1900
云顶花园-莲前西路,思明,3500
云亭花园-莲前西路,思明,2300
禹洲花园-莲花五村,思明,2400
林海阳光-东浦路,思明,2480
金鸡亭花园小区-金鸡亭,思明,3300
金鸡亭花园小区-金鸡亭,思明,4000
金鸡亭花园小区-金鸡亭,思明,3000
金鸡亭花园小区-金鸡亭,思明,3600
西林东路墩仔家园-金鸡亭,思明,3500
长青北里-松柏,思明,3400
莲坂小区-长青路,思明,2500
锦绣广场-湖滨北路,思明,3500
宝达大厦-嘉禾路,思明,3300
莲坂西小区-富山,思明,3600
嘉华大厦-长青路,思明,3200
瑞景嘉盛豪园旁明发楼（地铁二号线）-瑞景,思明,1900
槟东公寓-槟榔东里,思明,2400
新莲岳里-松柏,思明,3000
源盛花园-松柏,思明,3200
莲坂军休所-莲前西路,思明,3200
墩仔家园-莲前西路,思明,2000
卧龙晓城-莲前西路,思明,2700
金沙花园-莲前西路,思明,3000
莲龙楼-莲前西路,思明,1500
龙山安置房-莲前东路,思明,4300
龙山居-莲前西路,思明,2700
山木清华-莲前,思明,3950
山木清华-莲前,思明,5200
山木清华-莲前,思明,5500
龙山山庄-莲前西路,思明,3900
金鸡亭-金鸡亭,思明,3400
龙山居-槟榔东里,思明,4000
莲前水务宿舍-莲前西路,思明,1500
卧龙晓城三期-莲前,思明,4000
金鸡亭花园-金鸡亭,思明,3500
金沙花园-莲前,思明,4200
山木清华-莲前,思明,6000
卧龙晓城-槟榔东里,思明,4000
墩仔家园-莲前,思明,3500
文屏山庄-文屏路,思明,700
1房1厅1厨2卫出租啦（新装修）-中山路,思明,2000
瑞景都市新巢小区-会展路,思明,2600
老虎城-中山路,思明,2900
老虎城-中山路,思明,3000
老虎城-中山路,思明,3100
鑫阳公寓-金榜路,思明,3900
岭兜二里-软件园,思明,4460
湖滨南路财政局宿舍-湖滨南路,思明,3500
海悦合居-会展路,思明,2000
万寿北路-将军祠,思明,2000
中山路名汇广场-中山路,思明,3000
金林花园-金鸡亭,思明,5500
明发商城-莲前西路,思明,4000
长青路-松柏,思明,700
造纸厂宿舍-火车站,思明,3500
侨福城-瑞景,思明,1300
罗宾森广场玛瑙阁-厦禾路,思明,1300
绿泉新村-凤屿路,思明,3000
岭兜小区-前埔北区,思明,4480
侨福城二期-前埔北区,思明,1600
洪山柄北区-莲前西路,思明,4000
一代风华-松柏,思明,1800
软件园二期-软件园,思明,2700
元利花园-火车站,思明,1500
莲花大厦-嘉禾路,思明,2900
信和中央广场-嘉禾路,思明,7200
万科金域蓝湾-莲前东路,思明,6000
嘉隆商业城-禾祥东路,思明,1600
嘉盛豪园（莲前）-莲前西路,思明,1850
嘉隆商业城-禾祥东路,思明,1300
嘉盛豪园-瑞景,思明,1850
东方瑞士-禾祥东路,思明,1550
嘉盛豪园-瑞景,思明,1600
嘉盛豪园-瑞景,思明,1700
鸿运大厦-禾祥东路,思明,1800
嘉隆商业城-禾祥东路,思明,1300
禹洲世贸国际-火车站,思明,2950
嘉隆商业城-禾祥东路,思明,1600
罗宾森-火车站,思明,1900
恒达大厦-大学路,思明,2400
嘉隆商业城-禾祥东路,思明,1250
嘉隆商业城-禾祥东路,思明,1600
岭兜小区-前埔北区,思明,3150
思明区光彩街-中山路,思明,3900
富山花园-湖滨南路,思明,2900
前埔古楼北里-前埔南区,思明,750
观音山公寓-观音山,思明,4300
思北轮渡鹭江道-鹭江道,思明,950
厦门一中附近坑内路小区-坑内路,思明,2600
其他-软件园,思明,2100
岭兜佳园小区-前埔南区,思明,1800
岭兜佳园-前埔北区,思明,1800
西林社区-莲前西路,思明,1300
岭兜佳园-前埔北区,思明,1800
莲花路口磐基酒店旁莲坂新村三区一房一厅带超大露台房东自租-湖明路,思明,1700
岭兜佳园小区-前埔南区,思明,1800
阳台山公安局宿舍-万寿路,思明,2800
将军祠【五交化宿舍】-将军祠,思明,3000
文屏大厦-文灶,思明,4100
阳台山公安局宿舍-万寿路,思明,2800
建达花园-文屏路,思明,2900
万寿路-万寿路,思明,2600
建达花园-文灶,思明,3100
电业小区-育青路,思明,2000
万寿路-万寿路,思明,2600
万寿新城-将军祠,思明,3000
华美宿舍-文灶,思明,2700
万寿阁-万寿路,思明,3300
新莲岳里-松柏,思明,3600
湖滨名宫-湖滨南路,思明,6000
厦门大学城-演武路,思明,2700
嘉华里-长青路,思明,1200
古楼南里（前埔南区小学对面）-前埔南区,思明,900
厦门大学城-演武路,思明,2700
嘉华里-长青路,思明,1200
嘉华里-长青路,思明,1200
罗宾森璀璨新城1期-火车站,思明,5000
罗宾森广场三期-火车站,思明,4200
罗宾森广场三期-火车站,思明,3000
罗宾森广场三期-火车站,思明,4200
罗宾森广场三期-火车站,思明,3800
罗宾森广场三期-火车站,思明,6700
罗宾森璀璨新城2期-火车站,思明,6000
罗宾森璀璨新城1期-火车站,思明,4000
罗宾森璀璨新城2期-火车站,思明,3900
罗宾森广场三期-火车站,思明,8000
罗宾森广场三期-火车站,思明,4950
罗宾森广场三期-火车站,思明,4800
罗宾森璀璨新城1期-火车站,思明,4500
银龙广场-禾祥东路,思明,2600
罗宾森广场三期-火车站,思明,3000
罗宾森广场三期-火车站,思明,3900
罗宾森广场三期-火车站,思明,14500
罗宾森广场三期-火车站,思明,4200
银龙广场-禾祥东路,思明,2600
罗宾森广场三期-火车站,思明,8800
罗宾森广场三期-火车站,思明,3600
罗宾森广场三期-火车站,思明,4000
罗宾森广场三期-火车站,思明,4900
罗宾森广场三期-火车站,思明,3600
罗宾森广场三期-火车站,思明,4200
罗宾森广场三期-火车站,思明,4200
罗宾森广场三期-火车站,思明,4900
罗宾森广场三期-火车站,思明,9000
罗宾森璀璨新城1期-火车站,思明,5800
罗宾森广场二期-厦禾路,思明,3800
罗宾森广场三期-火车站,思明,9580
紫荆园-金榜路,思明,2300
罗宾森广场二期-厦禾路,思明,5300
罗宾森广场三期-火车站,思明,6666
罗宾森广场三期-火车站,思明,16880
罗宾森璀璨新城2期-火车站,思明,3300
汇丰家园-文灶,思明,2900
罗宾森广场二期-厦禾路,思明,3600
假日双星-文灶,思明,6500
厦门厦禾路990号小区-火车站,思明,750
后河路71号小区-厦禾路,思明,3500
墩仔家园-莲前,思明,1200
东芳山庄小区-瑞景,思明,750
东芳山庄小区-莲前西路,思明,750
建发花园二期-东浦路,思明,1350
免中介费裕发广场-富山,思明,2400
龙山居-莲前西路,思明,700
文兴东三里-前埔南区,思明,3400
岭兜小区-前埔北区,思明,4300
华尔顿-软件园,思明,12000
虎仔山庄-软件园,思明,2600
岭兜小区-前埔北区,思明,4200
岭兜二里-软件园,思明,3900
岭兜二里-软件园,思明,3900
华林东盛花园-前埔北区,思明,4300
岭兜佳园-软件园,思明,4300
岭兜二里-软件园,思明,4000
华林东盛花园-前埔北区,思明,3700
岭兜佳园-软件园,思明,3800
北区二里-莲前,思明,5500
岭兜小区-软件园,思明,2300
建群花园-莲花五村,思明,1000
时代中心-观音山,思明,3500
故宫新城-故宫路,思明,2500
瑞成大厦-禾祥西路,思明,2300
育秀里-育秀路,思明,3400
城立方-火车站,思明,4400
吉大吉小区-曾厝,思明,4500
岭兜二里-软件园,思明,1800
思北路口小学路95号国贸宿舍-思明北路,思明,1500
莲前西路107―-113号小区-莲前西路,思明,2600
台湾山庄福德堡-仙岳路,思明,1700
明发园-前埔北区,思明,1500
明发园-前埔北区,思明,2000
明发园-前埔北区,思明,1500
明发园-前埔北区,思明,1900
岭兜佳园小区-前埔南区,思明,1800
百源双玺-厦禾路,思明,4900
明发园-前埔北区,思明,1900
岭兜二里-软件园,思明,1300
明发园-前埔北区,思明,1500
明发园-前埔北区,思明,1600
岭兜佳园小区-前埔南区,思明,3600
富华广场-禾祥西路,思明,2100
定安小区对面-中山路,思明,1250
明发园-前埔北区,思明,1600
官邸大厦-火车站,思明,1750
鑫塔水尚-观音山,思明,11000
明发园-前埔北区,思明,2100
岭兜佳园-前埔北区,思明,1500
明发城-前埔北区,思明,1850
明发城-前埔北区,思明,1700
明发城-前埔北区,思明,1700
明发园-前埔北区,思明,1900
明发园-前埔北区,思明,4000
明发园-前埔北区,思明,2800
水晶国际-观音山,思明,4000
明发城-前埔北区,思明,1850
岭兜佳园小区-前埔南区,思明,1800
明发园-前埔北区,思明,1600
明发园-前埔北区,思明,1700
明发园-前埔北区,思明,2800
明发园-前埔北区,思明,1500
明发园-前埔北区,思明,1500
明发园-前埔北区,思明,2150
水晶国际-观音山,思明,4000
明发园-前埔北区,思明,1500
明发园-前埔北区,思明,1500
明发城-前埔北区,思明,2000
明发园-前埔北区,思明,2100
明发园-前埔北区,思明,2000
香榭园-莲前西路,思明,1750
明发园-前埔北区,思明,2750
明发园-前埔北区,思明,1600
明发园-前埔北区,思明,2100
岭兜佳园-前埔北区,思明,1500
明发园-前埔北区,思明,1500
明发园-前埔北区,思明,1500
金鸡亭花园-莲前西路,思明,2900
怡富花园-莲前西路,思明,1500
金鸡亭花园-莲前西路,思明,3300
卧龙晓城-莲前西路,思明,2300
卧龙晓城-莲前西路,思明,5500
墩仔家园-莲前西路,思明,1250
怡富花园-莲前西路,思明,2300
山木清华-莲前西路,思明,5000
益友花园-莲前,思明,2500
卧龙晓城-莲前西路,思明,700
墩仔家园-莲前西路,思明,2200
水务集团旁-莲前,思明,2500
金鸡亭东里-莲前西路,思明,3800
金鸡亭东里-莲前西路,思明,3200
墩仔家园-莲前西路,思明,1800
金鸡亭东里-莲前,思明,3200
一布家园-莲前西路,思明,2500
卧龙晓城-莲前,思明,2200
怡富花园-莲前西路,思明,4000
怡富花园-莲前西路,思明,1500
玉成豪园-莲前西路,思明,1450
龙山桥旁-莲前西路,思明,2600
水务集团旁-莲前西路,思明,2500
卧龙晓城-莲前西路,思明,2200
龙山居-莲前西路,思明,2100
墩仔家园-莲前西路,思明,2300
墩仔家园-莲前西路,思明,3100
广顺花园-莲前西路,思明,2700
玉成豪园-莲前,思明,1450
金鸡亭-莲前,思明,2900
卧龙晓城-莲前西路,思明,1000
卧龙晓城-莲前,思明,2200
云顶学校旁-莲前西路,思明,3000
龙山居-莲前西路,思明,3800
云顶学校旁-莲前,思明,3000
龙山居-莲前,思明,3800
福满山庄-莲前东路,思明,9300
墩仔家园-莲前西路,思明,3300
广顺花园-莲前西路,思明,1450
岭兜小区-前埔北区,思明,3600
白鹭苑-禾祥西路,思明,5500
锦绣广场-松柏,思明,3500
新景花园-软件园,思明,4700
其他-禾祥西路,思明,2000
豆仔尾路-禾祥西路,思明,1800
豆仔尾路燃料宿舍-禾祥西路,思明,4500
金丰花园-禾祥西路,思明,8000
森景华庭-火车站,思明,1100
山木清华-莲前,思明,5200
山木清华-莲前,思明,4000
龙山山庄-莲前西路,思明,3900
卧龙晓城-槟榔东里,思明,3900
山木清华-莲前,思明,5000
山木清华-莲前,思明,5200
金磊花园-金鸡亭,思明,4000
云顶山庄花园-莲前,思明,5000
莲前西路水务宿舍-富山,思明,2900
云顶山庄花园-莲前,思明,3000
山木清华-莲前,思明,4900
墩仔家园-莲前,思明,2900
源昌君悦山-莲前西路,思明,5800
广顺花园-莲前西路,思明,3100
源昌君悦山-莲前西路,思明,7500
明发园-前埔北区,思明,1700
龙山居-莲前西路,思明,2800
莲前西路水务宿舍-富山,思明,2500
浦南花园-莲前,思明,4400
龙山二期安置房-莲前西路,思明,4300
龙山山庄-莲前西路,思明,3800
卧龙晓城-莲前西路,思明,4300
明发园-前埔北区,思明,1500
金鸡亭花园小区-金鸡亭,思明,3500
卧龙晓城-莲前西路,思明,3900
山木清华-莲前西路,思明,4100
山木清华-莲前西路,思明,5000
创冠大厦-公园附近,思明,5500
富山花园-富山,思明,2900
怡富花园-莲前西路,思明,1400
岭兜小区-前埔北区,思明,4500
岭兜小区-前埔北区,思明,4500
宝达大厦-嘉禾路,思明,5900
金鸡亭花园-金鸡亭,思明,3200
龙山山庄-莲前西路,思明,3500
皓辉花园-禾祥东路,思明,2400
岳阳西里-岳阳小区,思明,3200
湖滨南路社区-湖滨南路,思明,1450
湖滨南路社区-湖滨南路,思明,2800
莲岳里-松柏,思明,1450
莲花路口航空宾馆附近-莲花一村,思明,1100
莲前西路龙山小区-莲前西路,思明,800
明发园-前埔北区,思明,1900
明发城-前埔北区,思明,2000
明发园-前埔北区,思明,1500
莲坂BRT旁单身公寓出租（莲富大厦）-莲前西路,思明,1200
中信惠扬-湖滨北路,思明,6200
岭兜小区中区-前埔南区,思明,3300
浦南花园-莲前,思明,2480
石亭小区-湖滨北路,思明,4800
石亭小区-湖滨北路,思明,4800
假日双星-文灶,思明,2600
新景花园-软件园,思明,4500
新景花园-软件园,思明,4500
明发园-前埔北区,思明,1600
明发园-前埔北区,思明,1850
明发园-前埔北区,思明,1800
明发城-前埔北区,思明,2050
明发城-前埔北区,思明,2050
明发城-前埔北区,思明,2050
明发城-前埔北区,思明,2050
明发园-前埔北区,思明,1800
华瑞花园-莲前东路,思明,4500
明发建群雅苑-莲前东路,思明,5000
福满山庄-瑞景,思明,4800
侨福城二期-莲前东路,思明,4000
福满山庄-瑞景,思明,3800
侨福城一期-前埔北区,思明,3500
瑞景侨福城一期-莲前东路,思明,4000
瑞丽花园-莲前东路,思明,6500
瑞景公园-瑞景,思明,9000
潘宅南小区-莲前东路,思明,3500
联丰新城-瑞景,思明,5600
侨福城二期-莲前东路,思明,3200
福满山庄-瑞景,思明,4380
前埔北区一里-前埔北区,思明,4100
福满山庄-瑞景,思明,4380
侨福城二期-莲前东路,思明,4880
侨福城二期-莲前东路,思明,4480
侨福城二期-莲前东路,思明,3580
明发园-前埔北区,思明,3800
明发园-前埔北区,思明,1800
明发城-前埔北区,思明,2600
水晶国际-观音山,思明,4200
明发园-前埔北区,思明,2100
湖滨南路社区-湖滨南路,思明,2800
明发园-前埔北区,思明,3800
官邸大厦-火车站,思明,4000
怡富花园-莲前西路,思明,3900
怡富花园-莲前西路,思明,3200
山木清华-莲前西路,思明,3200
源昌君悦山-富山,思明,8000
山木清华-莲前西路,思明,4300
山木清华-莲前,思明,6000
卧龙晓城-莲前西路,思明,4500
华孚花园-莲前,思明,1800
华孚花园-莲前,思明,1800
华孚花园-莲前,思明,1800
卧龙晓城-莲前西路,思明,4200
卧龙晓城-莲前西路,思明,4500
卧龙晓城-莲前西路,思明,4100
卧龙晓城-莲前西路,思明,3300
金鸡亭，明发商城-莲前西路,思明,4600
山木清华-莲前,思明,5200
云顶花园-莲前,思明,42000
卧龙晓城-莲前西路,思明,4000
龙山居-莲前西路,思明,3500
墩仔家园-金鸡亭,思明,2400
厦港新村-博物馆,思明,1300
时代中心-观音山,思明,3500
其他-大生里,思明,700
岭兜佳园-前埔北区,思明,1500
岭兜小区-前埔北区,思明,2800
明发园-前埔北区,思明,2100
水晶国际-观音山,思明,2200
卧龙晓城-莲前西路,思明,2200
莲坂西小区-长青路,思明,3600
厦港新村-博物馆,思明,1300
后浦-瑞景,思明,2380
明丰财富中心-前埔南区,思明,2000
金龙苑-富山,思明,1850
怡富花园东区-莲前西路,思明,1000
新景花园-软件园,思明,4500
岭兜小区中区-前埔南区,思明,3700
岭兜小区-前埔北区,思明,3850
信和上筑-嘉禾路,思明,5500
福满山庄-瑞景,思明,5500
福满山庄-瑞景,思明,5500
岭兜佳园-前埔北区,思明,1700
岭兜佳园-前埔北区,思明,1700
文灶公交车站-禾祥东路,思明,4000
软件园二期-软件园,思明,2200
软件园二期-软件园,思明,2200
明丰财富中心-前埔南区,思明,2800
明丰财富中心-前埔南区,思明,2800
大洲国际龙郡公寓-前埔南区,思明,3300
大洲国际龙郡公寓-前埔南区,思明,3300
宝华花园思明-湖滨北路,思明,4900
时代中心-观音山,思明,3500
南洋大厦-金榜路,思明,1700
明发园-前埔北区,思明,1600
其他-禾祥西路,思明,1300
明发园-前埔北区,思明,2100
水晶国际-观音山,思明,2900
广顺花园-莲前西路,思明,2680
小学路国贸宿舍-鹭江道,思明,2800
明发园-前埔北区,思明,2100
明发园-前埔北区,思明,1700
碧湖豪庭-富山,思明,2900
同亨大厦-莲花二村,思明,4900
演武小学正对面两分钟距离的两房一厅房子出租-厦大,思明,3700
侨福城三期-瑞景,思明,4300
侨福城小区-莲前东路,思明,3500
建兴小区-湖滨北路,思明,6500
西堤别墅-湖滨北路,思明,1800
前埔侨福城二期-莲前东路,思明,5000
湖滨南路社区-湖滨南路,思明,1450
海艺大厦-前埔北区,思明,2300
湖滨南路社区-湖滨南路,思明,1450
仙阁里花园-松柏,思明,3300
华天花园二期-嘉禾路,思明,3700
宝达大厦-嘉禾路,思明,5600
信和上筑-嘉禾路,思明,5000
宝达大厦-嘉禾路,思明,5000
永升花园-松柏,思明,6800
摩登大厦-嘉禾路,思明,3200
富宇大厦-火车站,思明,5800
侨福城一期-前埔北区,思明,3500
嘉盛豪园（莲前）-莲前,思明,880
其他-思明北路,思明,2200
其他-湖滨南路,思明,3500
石泉路12号-镇海路,思明,2200
明发园-前埔北区,思明,2600
明发城-前埔北区,思明,1850
明发园-前埔北区,思明,1500
明发城-前埔北区,思明,1900
明发园-前埔北区,思明,1600
明发园-前埔北区,思明,1700
明发园-前埔北区,思明,1800
水晶国际-观音山,思明,2900
何厝小区-会展路,思明,3000
何厝小区-会展路,思明,4000
明发园-前埔北区,思明,2600
岭兜小区-前埔北区,思明,4300
明发园-前埔北区,思明,2700
明发城-前埔北区,思明,1700
明发城-软件园,思明,1800
联发紫薇花园-会展路,思明,6200
明发城-软件园,思明,1400
明发城-软件园,思明,1300
岭兜佳园-软件园,思明,2600
东盛花园2期-前埔北区,思明,5800
北区二里-莲前,思明,3380
明发国际新城-会展路,思明,5600
明发园-软件园,思明,4200
嘉盛豪园G组-莲前东路,思明,3000
店上西里-前埔南区,思明,4900
岭兜佳园-软件园,思明,4600
明发海景苑-会展路,思明,6500
塔埔社区东区-观音山,思明,2700
岭兜小区-前埔北区,思明,4300
明发城-前埔北区,思明,1750
明发城-前埔北区,思明,1700
明发城-前埔北区,思明,2100
裕兴花园-SM附近,湖里,2300
厦禾裕景-厦禾路,思明,55000
裕兴花园-SM附近,湖里,2000
林后新村-安兜,湖里,1000
恒祥新苑-安兜,湖里,1499
祥店里福满园-金尚路,湖里,950
达嘉馨园-金山小区,湖里,3500
宏伟大厦-枋湖,湖里,2980
宏伟大厦-枋湖,湖里,1780
宏伟大厦-枋湖,湖里,2780
宏伟大厦-枋湖,湖里,1580
碧湖嘉园-枋湖,湖里,2000
国际山庄-金山小区,湖里,16000
特房五缘尚座-五缘湾,湖里,2500
特房五缘新座-五缘湾,湖里,3000
特房五缘尚座-五缘湾,湖里,2500
翔鹭花城三期-翔鹭,湖里,3300
特房五缘尚座-五缘湾,湖里,2600
金山国际-金山小区,湖里,2800
金山小区-金山小区,湖里,2000
特房五缘新座-五缘湾,湖里,7700
栖域公寓-江头,湖里,1580
栖域公寓-后埔,湖里,1880
栖域公寓-江头,湖里,1580
幸福家园-金山小区,湖里,2700
和星公寓-县后,湖里,1500
和星公寓-县后,湖里,1300
和星公寓-县后,湖里,1700
和星公寓-县后,湖里,1600
源昌鑫海湾-五缘湾,湖里,3900
裕兴花园-SM附近,湖里,2500
特房山水新座-湖边水库片,湖里,2600
翔鹭花城二期-保税区,湖里,1300
江头花园-SM附近,湖里,2200
特房五缘尚座-五缘湾,湖里,2600
翔鹭花城三期-殿前,湖里,1200
翔鹭花城三期小区10梯-殿前,湖里,1250
裕兴大厦-江头北路,湖里,2300
高林居住区北区-万达广场,湖里,2100
芙蓉苑二期-芙蓉苑,湖里,2400
翔鹭花城三期-保税区,湖里,4000
特房五缘尚座-五缘湾,湖里,2500
福隆国际-江头北路,湖里,2299
特房五缘尚座-五缘湾,湖里,2500
湖边花园-湖边水库片,湖里,2100
翔鹭花城三期-殿前,湖里,1600
书香佳缘-枋湖,湖里,2400
水晶苹果-金湖路,湖里,2400
碧湖嘉园-枋湖,湖里,1800
碧湖嘉园-枋湖,湖里,2300
碧湖嘉园-枋湖,湖里,1800
特房五缘新座-五缘湾,湖里,3000
翔鹭花城三期-保税区,湖里,1650
蔡塘社区-蔡塘,湖里,1700
雅轩智能公寓-县后,湖里,1000
雅轩智能公寓-县后,湖里,700
雅轩智能公寓-县后,湖里,1000
雅轩智能公寓-县后,湖里,1000
雅轩智能公寓-县后,湖里,1000
天成花园-SM附近,湖里,1550
融景湾-湖边水库片,湖里,1300
禹州城上城-金尚路,湖里,1100
桃源大厦-台湾街,湖里,2000
联发五缘湾1号-五缘湾,湖里,8000
湖边御景-湖边水库片,湖里,2900
湖边御景A区-安兜,湖里,3000
湖边御景A区-安兜,湖里,3600
湖边御景A区-安兜,湖里,3100
金林湾花园-万达广场,湖里,5200
特房五缘尚座-五缘湾,湖里,3000
栖域公寓-濠头,湖里,1380
栖域公寓-SM附近,湖里,2380
天成花园-SM附近,湖里,1450
华永天地-江头,湖里,3000
江头花园-SM附近,湖里,1200
天成花园-SM附近,湖里,1850
翔鹭花城一期-长岸路,湖里,3700
新景国际外滩-五缘湾,湖里,8500
翔鹭花城一期-殿前,湖里,3900
翔鹭花城二期-保税区,湖里,2400
幸福密码-枋湖,湖里,4600
裕兴大厦-SM附近,湖里,2300
特房五缘新座-五缘湾,湖里,3000
特房五缘新座-五缘湾,湖里,3000
翔鹭花城二期-保税区,湖里,2600
裕兴大厦-江头北路,湖里,2700
碧湖嘉园-枋湖,湖里,4000
碧湖嘉园-枋湖,湖里,2200
碧湖嘉园-枋湖,湖里,3600
碧湖嘉园-枋湖,湖里,2000
碧湖嘉园-枋湖,湖里,2000
特房五缘尚座-五缘湾,湖里,2800
中铺社SM夏商国际商城机场附近-保税区,湖里,1450
特房五缘新座-五缘湾,湖里,2500
金林湾花园-万达广场,湖里,3600
幸福密码-枋湖,湖里,4600
国贸天琴湾-五缘湾,湖里,30000
裕兴花园-SM附近,湖里,2000
裕兴花园-SM附近,湖里,2100
裕兴花园-SM附近,湖里,2600
裕兴花园-SM附近,湖里,2000
裕兴花园-SM附近,湖里,2888
裕兴花园-SM附近,湖里,2600
永建顶尚-枋湖,湖里,2088
永建顶尚-枋湖,湖里,2000
裕兴大厦-江头北路,湖里,2700
裕兴大厦-江头北路,湖里,2700
裕兴大厦-江头北路,湖里,2700
裕兴大厦-江头北路,湖里,2300
裕兴大厦-江头北路,湖里,2300
华永天地-台湾街,湖里,3800
裕兴大厦-江头北路,湖里,2700
裕兴大厦-江头北路,湖里,2700
裕兴大厦-江头北路,湖里,2200
裕兴大厦-江头北路,湖里,2700
裕兴大厦-江头北路,湖里,2300
裕兴大厦-江头北路,湖里,2700
东方巴黎广场-SM附近,湖里,2450
特房五缘新座-五缘湾,湖里,1500
源昌鑫海湾公寓住宅-保税区,湖里,7000
永建顶尚-枋湖,湖里,2700
永建顶尚-枋湖,湖里,2000
裕兴大厦-江头北路,湖里,2300
裕兴大厦-江头北路,湖里,2900
裕兴大厦-江头北路,湖里,2888
裕兴大厦-江头北路,湖里,2888
裕兴大厦-江头北路,湖里,2700
裕兴大厦-江头北路,湖里,2700
裕兴大厦-江头北路,湖里,2700
永建顶尚-枋湖,湖里,2000
裕兴大厦-江头,湖里,2499
裕兴花园-SM附近,湖里,2888
裕兴花园-SM附近,湖里,2888
裕兴花园-SM附近,湖里,2300
裕兴花园-SM附近,湖里,2900
裕兴花园-SM附近,湖里,2700
裕兴花园-SM附近,湖里,2300
裕兴花园-SM附近,湖里,2100
裕发花园-江头,湖里,2300
鑫海湾-五缘湾,湖里,6200
新景国际外滩-五缘湾,湖里,10000
特房五缘尚座-五缘湾,湖里,2500
翔鹭花城三期-保税区,湖里,3300
龙门天下-SM附近,湖里,2300
金山小区-金山小区,湖里,4200
特房五缘新座-五缘湾,湖里,2500
碧湖佳园-枋湖,湖里,5000
水晶森林二期-枋湖,湖里,5600
幸福生活-祥店,湖里,2500
碧湖嘉园-枋湖,湖里,2200
碧湖嘉园-枋湖,湖里,2400
特房五缘尚座-五缘湾,湖里,2500
源昌鑫海湾-五缘湾,湖里,2300
新景国际外滩-五缘湾,湖里,4200
马山安置小区-金尚路,湖里,4600
龙门天下-SM附近,湖里,2300
碧湖嘉园-枋湖,湖里,2200
碧湖嘉园-枋湖,湖里,2800
碧湖嘉园-枋湖,湖里,2200
碧湖嘉园-枋湖,湖里,2000
碧湖嘉园-枋湖,湖里,26000
湖边花园B区-湖边水库片,湖里,2900
东方巴黎广场-江头北路,湖里,1000
冠宏花园-江头北路,湖里,2200
裕兴大厦-江头北路,湖里,2200
华永天地-台湾街,湖里,4800
冠宏花园-江头北路,湖里,2500
福隆国际-吕厝,湖里,2000
科瑞大厦-台湾街,湖里,1100
裕兴大厦-江头北路,湖里,2400
天成花园-SM附近,湖里,2000
天成花园-SM附近,湖里,3300
裕发花园-江头,湖里,1200
国联大厦-江头,湖里,1000
国宝新城-江头,湖里,4500
裕兴大厦-江头,湖里,1800
福隆国际-江头北路,湖里,2500
江头花园-SM附近,湖里,1700
福隆国际-江头北路,湖里,1650
天成花园-SM附近,湖里,3000
天成花园-SM附近,湖里,1750
天成花园-SM附近,湖里,1750
福隆国际-吕厝,湖里,1700
东方巴黎广场-江头北路,湖里,6300
福隆国际-江头北路,湖里,1750
裕兴大厦-江头北路,湖里,1600
冠宏花园-江头北路,湖里,4200
福隆国际-江头北路,湖里,1000
冠宏花园-江头北路,湖里,1650
东方巴黎广场-江头北路,湖里,1500
特房五缘新座-五缘湾,湖里,1200
长青路小区-吕厝,湖里,2000
裕兴大厦-江头北路,湖里,2000
源昌宝墅湾-五缘湾,湖里,5000
源昌鑫海湾公寓住宅-保税区,湖里,7000
裕兴大厦-江头北路,湖里,2100
裕兴大厦-江头北路,湖里,2500
碧湖嘉园-枋湖,湖里,4000
碧湖嘉园-枋湖,湖里,4500
碧湖嘉园-枋湖,湖里,2700
碧湖嘉园-枋湖,湖里,2000
碧湖嘉园-枋湖,湖里,900
特房五缘尚座-五缘湾,湖里,2500
福隆国际-江头北路,湖里,2800
万达广场-湖边水库片,湖里,2450
高林居住区一里-保税区,湖里,2400
特房山水杰座-湖边水库片,湖里,6500
高林居住区二期-万达广场,湖里,3400
金林湾花园-五缘湾,湖里,8500
金林湾花园-万达广场,湖里,3800
高林居住区北区-万达广场,湖里,5000
金林湾花园-万达广场,湖里,4000
上东美地-湖边水库片,湖里,1900
宝龙一城-湖边水库片,湖里,1700
上东美地-湖边水库片,湖里,2600
湖边御景A区-保税区,湖里,2900
宝龙一城-湖边水库片,湖里,7600
金林湾花园-五缘湾,湖里,5600
裕兴大厦-SM附近,湖里,2499
马山安置小区-金山小区,湖里,3000
第二城幸福生活-祥店,湖里,3000
世茂湖滨首府-湖边水库片,湖里,5000
世茂湖滨首府-湖边水库片,湖里,2200
特房山水新座-湖边水库片,湖里,4900
特房山水尚座-湖边水库片,湖里,1899
特房山水尚座-湖边水库片,湖里,1899
高林居住区一里-湖边水库片,湖里,5999
特房山水尚座-湖边水库片,湖里,3500
宝龙一城-湖边水库片,湖里,8800
湖边御景A区-保税区,湖里,3000
宝龙一城-湖边水库片,湖里,8000
新景国际外滩-五缘湾,湖里,3300
宏伟大厦-枋湖,湖里,2980
马山安置小区-金山小区,湖里,2800
马山安置小区-金山小区,湖里,3400
特房五缘新座-五缘湾,湖里,6800
特房山水尚座-湖边水库片,湖里,2300
高林居住区一里-湖边水库片,湖里,3200
高林居住区一里-湖边水库片,湖里,2400
高林居住区一里-湖边水库片,湖里,2150
特房山水尚座-湖边水库片,湖里,2150
特房五缘新座-五缘湾,湖里,2500
裕兴大厦-江头北路,湖里,2300
龙门天下-SM附近,湖里,2300
古龙花园-乌石浦,湖里,2100
新景国际外滩-五缘湾,湖里,8000
特房山水尚座-湖边水库片,湖里,3500
高林居住区一里-湖边水库片,湖里,2199
高林居住区一里-湖边水库片,湖里,2350
高林居住区一里-湖边水库片,湖里,2499
特房山水尚座-湖边水库片,湖里,2200
五华产业园-高新技术园,湖里,4800
特房五缘尚座-五缘湾,湖里,2500
世茂湖滨首府-湖边水库片,湖里,1500
特房山水新座-湖边水库片,湖里,2000
世茂湖滨首府D区-湖边水库片,湖里,1800
上东美地-湖边水库片,湖里,5000
新景国际外滩-五缘湾,湖里,12500
特房五缘尚座-五缘湾,湖里,3200
特房五缘新座-五缘湾,湖里,7700
高林居住区三里-湖边水库片,湖里,3800
特房山水尚座-湖边水库片,湖里,1899
高林居住区一里-湖边水库片,湖里,2100
特房山水尚座-湖边水库片,湖里,1900
高林居住区一里-湖边水库片,湖里,2380
新景国际外滩-五缘湾,湖里,5800
香山碧海晴空-湖边水库片,湖里,1600
源昌宝墅湾-五缘湾,湖里,10000
特房五缘尚座-五缘湾,湖里,2600
国贸蓝海-五缘湾,湖里,2600
五缘公寓-五缘湾,湖里,2500
湖边花园A区-湖边水库片,湖里,4300
高林居住区一里-湖边水库片,湖里,2199
特房山水尚座-湖边水库片,湖里,2300
高林居住区一里-湖边水库片,湖里,2200
高林居住区三里-湖边水库片,湖里,3999
岭兜佳园-湖边水库片,湖里,3500
特房五缘尚座-五缘湾,湖里,2600
香山碧海晴空-湖边水库片,湖里,1500
香山碧海晴空-湖边水库片,湖里,1300
世茂湖滨首府D区-湖边水库片,湖里,4500
世茂湖滨首府D区-湖边水库片,湖里,4000
特房山水新座-湖边水库片,湖里,2800
湖边御景A区-湖边水库片,湖里,3000
特房五缘尚座-五缘湾,湖里,2500
岭兜佳园-湖边水库片,湖里,2200
特房五缘新座-五缘湾,湖里,1300
高林居住区一里-湖边水库片,湖里,4998
高林居住区一里-湖边水库片,湖里,2199
特房山水尚座-湖边水库片,湖里,2468
特房山水杰座-湖边水库片,湖里,2150
特房山水尚座-湖边水库片,湖里,2499
世茂湖滨首府B区-湖边水库片,湖里,2400
世茂湖滨首府D区-湖边水库片,湖里,2100
世茂湖滨首府B区-湖边水库片,湖里,3900
湖边御景A区-湖边水库片,湖里,3900
世茂湖滨首府B区-湖边水库片,湖里,3900
特房山水尚座-湖边水库片,湖里,1999
湖边花园A区-湖边水库片,湖里,1999
特房山水尚座-湖边水库片,湖里,3000
特房山水杰座-湖边水库片,湖里,2299
高林居住区一里-湖边水库片,湖里,3700
特房五缘尚座-五缘湾,湖里,2600
新景国际外滩-五缘湾,湖里,3800
金山小区-金尚路,湖里,2800
特房山水新座-湖边水库片,湖里,6000
特房山水杰座-湖边水库片,湖里,4500
特房五缘新座-五缘湾,湖里,4600
特房山水尚座-湖边水库片,湖里,2100
特房山水杰座-湖边水库片,湖里,4999
特房山水尚座-湖边水库片,湖里,2100
湖边花园B区-湖边水库片,湖里,3399
特房山水杰座-湖边水库片,湖里,2800
特房五缘尚座-五缘湾,湖里,1200
源昌鑫海湾-五缘湾,湖里,6000
世茂湖滨首府-万达广场,湖里,8500
国贸润园-五缘湾,湖里,5900
裕兴花园-SM附近,湖里,2399
高林居住区一里-湖边水库片,湖里,3300
高林居住区一里-湖边水库片,湖里,3300
特房山水尚座-湖边水库片,湖里,2360
高林居住区一里-湖边水库片,湖里,3399
特房山水尚座-湖边水库片,湖里,2399
金林湾花园-万达广场,湖里,1799
金林湾花园-万达广场,湖里,1799
特房山水尚座-湖边水库片,湖里,6500
金林湾花园-五缘湾,湖里,2200
和旭里-东渡,湖里,1000
欣华花园二期-华荣路,湖里,1200
大唐世家火炬园-高新技术园,湖里,1450
oY温莎公馆-双浦路,湖里,4600
阳光大厦-高新技术园,湖里,2600
长乐三期-殿前,湖里,850
塘边社91号-大唐世家,湖里,800
和旭里-濠头,湖里,1000
濠头村新庄园-濠头,湖里,2675
新景华府-江头,湖里,1000
新景华府-吕岭路,湖里,950
新景华府-后埔,湖里,950
都市港湾-东渡,湖里,1000
国贸蓝海-五缘湾,湖里,1700
殿前-殿前,湖里,320
殿前-殿前,湖里,260
殿前-殿前,湖里,320
和旭里小区-东渡,湖里,1000
东渡和通里和通新村-东渡,湖里,900
祥店新村1区-祥店,湖里,3000
欣华花园-华荣路,湖里,1300
金鼎社区-东渡,湖里,1200
裕兴大厦-江头北路,湖里,2488
新景雅苑-江头北路,湖里,1350
世茂湖滨首府-万达广场,湖里,2400
信诚VBO-高新技术园,湖里,1600
阳光公寓-吕岭路,湖里,3300
裕兴大厦-江头,湖里,2500
裕兴大厦-SM附近,湖里,2500
裕兴大厦-江头北路,湖里,2500
裕兴花园-SM附近,湖里,2488
裕兴大厦-江头北路,湖里,2499
龙门天下-SM附近,湖里,2500
裕发花园-江头,湖里,2200
国泰大厦-嘉禾路（湖里）,湖里,2100
华永天地-台湾街,湖里,2300
裕兴大厦-江头北路,湖里,2399
裕兴大厦-江头北路,湖里,1999
裕兴花园-SM附近,湖里,2399
裕兴大厦-江头北路,湖里,2100
裕兴花园-SM附近,湖里,2500
裕兴大厦-江头北路,湖里,2100
裕兴大厦-SM附近,湖里,2166
裕兴大厦-江头北路,湖里,2300
龙门天下-SM附近,湖里,2599
福隆国际-江头北路,湖里,9500
马山安置小区-祥店,湖里,3800
雪梨星光三期-大唐世家,湖里,1600
湖里大唐世家-大唐世家,湖里,1300
SM乌石浦新村-SM附近,湖里,2600
国贸阳光-祥店,湖里,5000
龙门天下-SM附近,湖里,2000
龙门天下-SM附近,湖里,2000
和旭里-东渡,湖里,1000
融寓-县后,湖里,1400
翔鹭花城二期-翔鹭,湖里,3300
恒祥新苑-安兜,湖里,1600
其他-悦华路,湖里,2400
假日江南雅筑-金山小区,湖里,4500
金山小区-金山小区,湖里,4300
翔鹭花城一期-殿前,湖里,6000
建邦大厦-江头,湖里,3500
达嘉馨园-金山小区,湖里,3500
岭下小区-高新技术园,湖里,5800
岭下小区-高新技术园,湖里,4500
岭下小区-高新技术园,湖里,2300
阳光大厦-高新技术园,湖里,1750
岭下小区-高新技术园,湖里,2800
岭下小区-高新技术园,湖里,4200
阳光大厦-高新技术园,湖里,1450
阳光大厦-高新技术园,湖里,2600
岭下小区-高新技术园,湖里,5000
岭下小区-高新技术园,湖里,4600
岭下小区-高新技术园,湖里,3200
阳光大厦-高新技术园,湖里,1300
阳光大厦-高新技术园,湖里,1850
围里社-高新技术园,湖里,900
岭下小区-高新技术园,湖里,3000
墩上小区-五缘湾,湖里,3250
岭下小区-高新技术园,湖里,3100
岭下小区-高新技术园,湖里,4600
岭下小区-高新技术园,湖里,3500
阳光大厦-高新技术园,湖里,2900
阳光大厦-高新技术园,湖里,1700
岭下小区-高新技术园,湖里,2500
阳光大厦-高新技术园,湖里,2400
岭下小区-高新技术园,湖里,1800
阳光大厦-高新技术园,湖里,2600
阳光大厦-高新技术园,湖里,1550
阳光大厦-高新技术园,湖里,2200
岭下小区-高新技术园,湖里,4300
岭下小区-高新技术园,湖里,3300
岭下小区-高新技术园,湖里,4200
阳光大厦-高新技术园,湖里,1800
阳光大厦-高新技术园,湖里,2800
湖里高新技术产业园梅花大厦-县后,湖里,2400
泰裕新城-南山路,湖里,1100
雪梨星光二期-大唐世家,湖里,1300
大唐世家一期-大唐世家,湖里,2600
大唐世家G栋-大唐世家,湖里,2200
大唐世家八期-大唐世家,湖里,4100
源益小区-大唐世家,湖里,3200
大唐世家一期-大唐世家,湖里,2600
大唐世家八期-大唐世家,湖里,4100
大唐世家G栋-大唐世家,湖里,2200
大唐世家二期-兴隆路,湖里,4200
大唐世家六期-大唐世家,湖里,4000
大唐世家一期-大唐世家,湖里,2000
科技村-大唐世家,湖里,4100
大唐世家G栋-大唐世家,湖里,2200
现代家园-枋湖,湖里,4200
大唐世家二期-兴隆路,湖里,3600
大唐世家二期-兴隆路,湖里,3100
园山北里-大唐世家,湖里,2900
新景华府-江头,湖里,1420
裕兴大厦-江头,湖里,2600
新景华府国际-江头,湖里,1420
新景天湖广场-江头,湖里,4500
新景华府国际-后埔,湖里,1420
裕兴大厦-江头,湖里,2900
华永天地-江头,湖里,3700
福隆国际-江头,湖里,1800
裕兴大厦-江头,湖里,2700
东方威尼斯-江头,湖里,5700
新景华府国际-江头,湖里,3700
新景华府-江头,湖里,1420
吕岭花园-江头,湖里,3800
新景华府国际-后埔,湖里,1950
新景华府-江头,湖里,1780
新景华府国际-后埔,湖里,1980
新景华府国际-金尚路,湖里,3400
新景华府国际-江头,湖里,7500
天成花园-SM附近,湖里,1700
芙蓉苑一期-芙蓉苑,湖里,1300
新都国际-高新技术园,湖里,3000
枋湖社-火炬路,湖里,1400
仙洞山庄-南山路,湖里,1065
金枋世家小区-枋湖,湖里,1200
仙洞山庄-南山路,湖里,1085
阳光大厦-高新技术园,湖里,5800
其他-殿前,湖里,1000
阳光大厦-高新技术园,湖里,2300
翔鹭花城二期-殿前,湖里,3300
大洋雅苑-枋湖,湖里,1200
万景花园-南山路,湖里,3200
禹洲新村-南山路,湖里,3000
湖里大唐世家八期-大唐世家,湖里,5600
湖里区大唐世家一期G栋-大唐世家,湖里,2300
其他-金尚路,湖里,900
新景华府国际-江头,湖里,1650
香山海景苑-吕厝,湖里,1950
联发五缘湾1号-五缘湾,湖里,4600
恒祥新苑-安兜,湖里,1499
林后新村-安兜,湖里,1000
万达SOHO公寓-万达广场,湖里,2699
福满园-金尚路,湖里,1600
龙门天下-江头,湖里,1800
梅阳花园-SM附近,湖里,2800
和旭里-东渡,湖里,1000
欣华花园二期-华荣路,湖里,1300
金山小区-金山小区,湖里,2200
金山小区-金山小区,湖里,1100
（房东直租-免中介费）厦门古龙公寓小区-华昌路,湖里,1300
翔鹭花城一期-翔鹭,湖里,2500
金山小区-金山小区,湖里,2000
湖里区安兜社-枋湖,湖里,1050
天成花园-乌石浦,湖里,1600
穆厝-金湖路,湖里,500
宏伟大厦-枋湖,湖里,4000
大唐五缘yoho-五缘湾,湖里,2500
蔡塘社&蔡塘村-蔡塘,湖里,1500
翔鹭花城二期-保税区,湖里,1300
翔鹭花城三期-殿前,湖里,4200
五通小区-万达广场,湖里,1900
五通小区-万达广场,湖里,1900
豪峰大厦-江头,湖里,1400
泰和花园-吕岭路,湖里,1380
深汇大厦旁自建房（海天路口永辉超市后面）-海天路,湖里,900
深汇大厦旁-海天路,湖里,900
深汇大厦-海天路,湖里,400
祥店新村-祥店,湖里,2950
岭下小区-高新技术园,湖里,2600
阳光大厦-高新技术园,湖里,1600
岭下小区-高新技术园,湖里,2800
阳光大厦-高新技术园,湖里,2000
岭下小区-高新技术园,湖里,3200
阳光大厦-高新技术园,湖里,2300
阳光大厦-高新技术园,湖里,2500
墩上-高新技术园,湖里,1650
厦门古龙公寓小区-华昌路,湖里,2200
新景华府国际-后埔,湖里,1600
新景华府国际-江头,湖里,1600
冠宏花园-江头,湖里,4800
寓一房一厅-安兜,湖里,1400
大唐世家科技村-大唐世家,湖里,1900
其他-兴隆路,湖里,500
天成花园-SM附近,湖里,1100
五缘湾-五缘湾,湖里,7200
新景花园-吕岭路,湖里,2700
雪梨星光-大唐世家,湖里,3200
上苑小区-东渡,湖里,3000
湖里区华荣路名爵山庄-华荣路,湖里,2200
桃源大厦-江头,湖里,1850
天成花园-SM附近,湖里,1700
博士山庄-南山路,湖里,20000
源昌豪庭一期-康乐,湖里,5800
源昌豪庭一期-康乐,湖里,22000
华泰苑-海天路,湖里,2700
福园公寓-江头北路,湖里,4500
智能家居公寓-安兜,湖里,600
半山豪园-康乐,湖里,900
天成花园-SM附近,湖里,300
雅轩智能公寓-县后,湖里,1000
雅轩智能公寓-县后,湖里,1000
雅轩智能公寓-县后,湖里,1000
栖域公寓-SM附近,湖里,1280
和星公寓-县后,湖里,1600
和星公寓-县后,湖里,1300
源泉山庄-SM附近,湖里,1100
江头花园-SM附近,湖里,1150
天成花园-SM附近,湖里,1850
久邦青年公寓-SM附近,湖里,2200
天成花园-SM附近,湖里,1500
久邦青年公寓-马垄,湖里,2100
天成花园-SM附近,湖里,1500
天成花园-SM附近,湖里,1500
天成花园-SM附近,湖里,1500
天成花园-SM附近,湖里,1800
天成花园-SM附近,湖里,1505
天成花园-SM附近,湖里,1800
天成花园-SM附近,湖里,1509
天成花园-SM附近,湖里,1500
天成花园-SM附近,湖里,1588
天成花园-SM附近,湖里,1818
天成花园-SM附近,湖里,1888
天成花园-SM附近,湖里,1866
天成花园-SM附近,湖里,1888
龙门天下-SM附近,湖里,1588
东渡邮电局宿舍小区-东渡,湖里,3798
蔡塘BRT酒店式公寓-蔡塘,湖里,1200
寨上生活小区-马垄,湖里,750
翔鹭花城二期-殿前,湖里,2500
翔鹭花城一期-保税区,湖里,750
翔鹭花城三期-殿前,湖里,700
芙蓉苑六期-芙蓉苑,湖里,2200
翔鹭花城一期-长岸路,湖里,3700
翔鹭花城一期-保税区,湖里,900
建发中央天成-祥店,湖里,3700
金山国际-金山小区,湖里,1400
高林居住区-万达广场,湖里,3600
深汇大厦-海天路,湖里,500
联发欣悦园-枋湖,湖里,3900
和宁里小区-濠头,湖里,3200
高林居住区-万达广场,湖里,1800
香榭花都（金永昌家园）-祥店,湖里,3200
翔鹭花城二期-翔鹭,湖里,1500
雪梨星光三期-大唐世家,湖里,2300
尚忠社-高新技术园,湖里,900
福园公寓-SM附近,湖里,3000
雪梨星光二期-大唐世家,湖里,4000
福园公寓-SM附近,湖里,3000
东渡邮电局宿舍-东渡,湖里,750
湖里高新技术园信诚大厦-五缘湾,湖里,2300
oY温莎公馆-后埔,湖里,2250
鸿图苑-大唐世家,湖里,2900
天成花园-SM附近,湖里,3300
个人免中介费在翔鹭大酒店侧边翔鹭花城三期小区28梯单身公寓出租-殿前,湖里,1050
山谷城市-金尚路,湖里,2200
世茂湖滨首府-湖边水库片,湖里,6650
金福缘新城，墩岭小区-高新技术园,湖里,2900
裕发花园-SM附近,湖里,5500
江宁里小区-江头,湖里,1100
阳光大厦-高新技术园,湖里,3150
东渡小区-东渡,湖里,3000
都市豪华公寓-Null,湖里,1300
都市公寓-县后,湖里,600
围里社社都市豪华公寓-枋湖,湖里,2300
蔡塘社区-蔡塘,湖里,1200
神山公寓-殿前,湖里,700
双狮南里-东渡,湖里,2200
万华中心-高新技术园,湖里,1550
国际山庄-金山小区,湖里,8000
源昌豪庭-南山路,湖里,2300
康乐新村一期-南山路,湖里,3300
仙洞山庄-南山路,湖里,2800
源昌豪庭一期-康乐,湖里,18000
康乐新村一期-南山路,湖里,18700
万景花园-南山路,湖里,2500
康乐新村一期-南山路,湖里,2800
源昌豪庭二期-康乐,湖里,3800
万景花园-南山路,湖里,2200
源昌豪庭-南山路,湖里,2800
源昌豪庭-南山路,湖里,2800
万景花园-南山路,湖里,5800
源昌豪庭-南山路,湖里,3500
源昌豪庭-南山路,湖里,3500
源昌豪庭-南山路,湖里,2500
万景花园-南山路,湖里,2400
三德兴员工新村-康乐,湖里,2300
台北新村-康乐,湖里,2900
源昌豪庭-南山路,湖里,3900
康乐新村一期-南山路,湖里,3800
金枋世家二期-枋湖,湖里,3500
寨上生活小区-翔鹭,湖里,500
厦门市湖里区湖里北片-保税区,湖里,450
枋湖工业小区-枋湖,湖里,3500
广兴新村-南山路,湖里,1800
湖边花园B区-蔡塘,湖里,2750
国泰大厦-嘉禾路（湖里）,湖里,2300
其他-江头,湖里,4200
其他-吕岭路,湖里,3000
殿前村-殿前,湖里,650
坂上社-火炬路,湖里,1500
东渡路48号-东渡,湖里,1500
金鹭花园-金山小区,湖里,2200
香榭花都（金永昌家园）-湖里大道,湖里,3300
金鹭花园-金山小区,湖里,2200
江宁里小区-江头,湖里,1100
殿前四组多套单间出租-殿前,湖里,面议
芙蓉苑六期-芙蓉苑,湖里,3100
濠头新庄园-东渡,湖里,1100
金鹭花园-金山小区,湖里,1400
SM旁边中港花园二期-SM附近,湖里,4700
翔鹭花城一期-殿前,湖里,1500
其他-县后,湖里,1200
禹洲香槟城-枋湖,湖里,1500
特房山水杰座-万达广场,湖里,1500
大湖新城-金尚路,湖里,1600
围里社-县后,湖里,818
空港新元宿-机场附近,湖里,1500
后埔社区-后埔,湖里,1100
枋湖花园-枋湖,湖里,2500
湖里区后坑后295号-后坑,湖里,500
其他-枋湖,湖里,1500
金山国际-金湖路,湖里,2700
蔡塘社区-蔡塘,湖里,880
联发新天地-祥店,湖里,6000
其他-枋湖,湖里,1300
海关宿舍小区-东渡,湖里,1000
枋湖社-枋湖,湖里,2800
万华中心-高新技术园,湖里,3500
龙潭花园-SM附近,湖里,1050
高林村-万达广场,湖里,1500
天地雅园-高新技术园,湖里,3800
翔鹭花城一期-保税区,湖里,1600
大唐世家六期-大唐世家,湖里,750
水晶森林-枋湖,湖里,2600
华永天地-台湾街,湖里,1350
湖边御景A区-保税区,湖里,3100
五缘公寓-五缘湾,湖里,1600
五缘公寓-五缘湾,湖里,1900
国贸蓝海公寓住宅-五缘湾运动馆,湖里,1600
五缘公寓-五缘湾,湖里,1950
五缘公寓-五缘湾,湖里,1800
湖边御景A区-保税区,湖里,2900
五缘公寓-五缘湾,湖里,1800
太微山庄-金尚路,湖里,1700
林后社-金尚路,湖里,1000
怡景花园-嘉园路,湖里,1350
华永天地-台湾街,湖里,2700
金枋世家-枋湖,湖里,3700
三航公寓-殿前,湖里,880
江头街道后埔朴宿公寓-后埔,湖里,1000
都市港湾-东渡,湖里,2100
翔鹭花城三期-保税区,湖里,1200
都市港湾-东渡,湖里,700
其他-湖边水库片,湖里,2600
尚忠社-枋钟路,湖里,700
其他-机场附近,湖里,2800
南山小区-海天路,湖里,1000
其他-东渡,湖里,2000
华成花园-江头北路,湖里,1300
古龙公寓-华昌路,湖里,1300
湖里万达-万达广场,湖里,2099
青友公寓-殿前,湖里,1300
后埔社区-后埔,湖里,750
福园公寓-SM附近,湖里,2800
钟宅新家园-五缘湾,湖里,5000
鑫伟厦公寓-蔡塘,湖里,1450
山谷城市-金尚路,湖里,2200
栖域公寓-SM附近,湖里,1699
金鹭花园-金山小区,湖里,3500
其他-湖边水库片,湖里,3000
久邦-马垄,湖里,2300
古塘隆-马垄,湖里,2200
亿星大厦-江头,湖里,1980
天成花园-SM附近,湖里,3400
天成花园-SM附近,湖里,1550
天成花园-SM附近,湖里,3400
天成花园-SM附近,湖里,1850
华永天地-台湾街,湖里,1350
华永天地-台湾街,湖里,2400
其他-枋湖,湖里,1180
欣华花园二期-华荣路,湖里,1650
假日江南雅筑-金山小区,湖里,1300
联发新天地-SM附近,湖里,6000
翠湖-SM附近,湖里,1500
其他-江头,湖里,4500
科技村-兴隆路,湖里,4300
福德堡-Null,湖里,1100
其他-马垄,湖里,1200
栖域公寓-台湾街,湖里,1480
湖里高新技术园-高新技术园,湖里,7000
厦门国际石材中心-高新技术园,湖里,1550
园山北小区-乌石浦,湖里,600
厦门市湖里区寨上生活小区-长岸路,湖里,2600
古龙花园-SM附近,湖里,1700
林后社-嘉禾路（湖里）,湖里,1000
古龙居住公园-枋湖,湖里,2600
高林居住区-万达广场,湖里,4200
东海山庄-枋湖,湖里,1800
枋湖社-枋湖,湖里,1350
特房五缘尚座-市政务中心,湖里,850
金林湾花园小区高林新城北区-万达广场,湖里,6000
信源大厦-兴隆路,湖里,3500
国贸润园-五缘湾,湖里,4000
桃源大厦-台湾街,湖里,1750
万华中心-高新技术园,湖里,2500
水晶森林-枋湖,湖里,1500
太古宿舍站-安兜,湖里,1200
梅阳花园-SM附近,湖里,900
江头中环花园-江头,湖里,2500
湖边花园A区-湖边水库片,湖里,3000
其他-江头,湖里,4500
其他-钟宅,湖里,5900
县后-县后,湖里,6000
裕兴大厦-江头,湖里,2300
天成花园-SM附近,湖里,3600
铭爵山庄-华荣路,湖里,2000
龙门天下-SM附近,湖里,2468
裕兴花园-SM附近,湖里,2488
龙门天下-SM附近,湖里,1999
大唐世家一期-大唐世家,湖里,2500
裕兴大厦-SM附近,湖里,2100
国泰大厦-嘉禾路（湖里）,湖里,2100
裕发花园-SM附近,湖里,2299
裕兴大厦-江头北路,湖里,2399
裕兴大厦-江头北路,湖里,2166
源昌豪庭一期-康乐,湖里,13000
源昌豪庭-南山路,湖里,3100
源昌豪庭-南山路,湖里,1700
康乐新村二期-南山路,湖里,3200
康乐新村-康乐,湖里,3000
源昌豪庭-南山路,湖里,3800
五缘源昌鑫海湾小区-五缘湾,湖里,1800
古歌华苑-蔡塘,湖里,1400
UONE天地-高新技术园,湖里,1438
福洋花园-台湾街,湖里,700
其他-江头,湖里,1080
湖边御景A区-安兜,湖里,2800
苏公馆-蔡塘,湖里,1700
西潘-湖边水库片,湖里,1500
栖域公寓-江头,湖里,2380
天成花园-SM附近,湖里,3300
其他-蔡塘,湖里,1800
艾德花园-枋钟路,湖里,1300
龙湖冠寓-金湖路,湖里,2300
厦门市湖里区湖里大道108号明园花园701-湖里大道,湖里,800
特房五缘尚座-五缘湾,湖里,2400
翔鹭花城三期-殿前,湖里,3300
翔鹭花城三期-保税区,湖里,2600
其他-马垄,湖里,680
雪梨星光二期-大唐世家,湖里,2800
青友公寓-高新技术园,湖里,1880
欣家园-保税区,湖里,1550
桃源大厦（吕厝）-吕厝,湖里,1900
厦门国际石材中心-高新技术园,湖里,1100
江华里小区-江头,湖里,900
江头后埔-后埔,湖里,1350
嘉盛花园湖里-江头北路,湖里,4200
裕发花园-SM附近,湖里,1700
宏伟大厦-枋湖,湖里,1800
宏伟大厦-枋湖,湖里,1800
碧湖嘉园-枋湖,湖里,1600
碧湖嘉园-枋湖,湖里,1600
碧湖嘉园-枋湖,湖里,1700
碧湖嘉园-枋湖,湖里,2000
水晶苹果-金湖路,湖里,2400
碧湖嘉园-枋湖,湖里,1800
碧湖嘉园-枋湖,湖里,1550
碧湖嘉园-枋湖,湖里,1500
书香佳缘-枋湖,湖里,1700
碧湖嘉园-枋湖,湖里,1700
碧湖嘉园-枋湖,湖里,2000
碧湖嘉园-枋湖,湖里,1500
碧湖嘉园-枋湖,湖里,2000
碧湖嘉园-枋湖,湖里,1800
碧湖嘉园-枋湖,湖里,1500
碧湖嘉园-枋湖,湖里,1600
碧湖嘉园-枋湖,湖里,3600
碧湖嘉园-枋湖,湖里,1800
碧湖嘉园-枋湖,湖里,1800
书香佳缘-枋湖,湖里,2100
碧湖嘉园-枋湖,湖里,1500
碧湖嘉园-枋湖,湖里,1600
水晶苹果-金湖路,湖里,1266
碧湖嘉园-枋湖,湖里,1500
碧湖嘉园-枋湖,湖里,1800
碧湖嘉园-枋湖,湖里,900
宏伟大厦-枋湖,湖里,1600
幸福密码-枋湖,湖里,2000
碧湖嘉园-枋湖,湖里,1800
碧湖嘉园-枋湖,湖里,1600
碧湖嘉园-枋湖,湖里,3000
凯悦新城-枋湖,湖里,2900
书香佳缘-枋湖,湖里,2400
永建顶尚别墅-枋湖,湖里,1900
碧湖嘉园-枋湖,湖里,1800
碧湖嘉园-枋湖,湖里,2800
碧湖嘉园-枋湖,湖里,1800
书香佳缘-枋湖,湖里,1700
书香佳缘-枋湖,湖里,800
围里社-机场附近,湖里,1600
江头嘉裕花园-江头,湖里,2900
园山北里-兴隆路,湖里,2900
马垅古塘垅新村-殿前,湖里,1790
厦门湖里区古龙公寓-华昌路,湖里,2300
SM附近福园公寓-江头,湖里,1500
华泰苑-海天路,湖里,1550
寨上市场-殿前,湖里,650
天成花园-SM附近,湖里,1150
其他-金尚路,湖里,1580
宝龙一城-湖边水库片,湖里,5500
康乐新村二期-南山路,湖里,2800
裕兴大厦-SM附近,湖里,2300
湖边御景A区-保税区,湖里,2600
保税区530平招租-保税区,湖里,13500
泊寓公寓（火炬公园旁）-马垄,湖里,2200
县后阳光公寓-高新技术园,湖里,950
海丝艺术品中心-机场附近,湖里,2500
海天小区-海天路,湖里,1100
其他-长岸路,湖里,370
古歌华苑-蔡塘,湖里,1100
古歌华苑-蔡塘,湖里,1550
古歌华苑-蔡塘,湖里,1700
金山小区-后坑,湖里,1880
殿前社区-殿前,湖里,550
岳阳小区-SM附近,湖里,2100
其他-海天路,湖里,1100
悦华公寓-悦华路,湖里,2700
欣华花园二期-华荣路,湖里,1100
栖域公寓-五缘湾,湖里,1480
嘉盛花园-江头,湖里,4600
围里社-机场附近,湖里,1288
寨上小区-长岸路,湖里,1350
融景湾-湖边水库片,湖里,1700
特房山水尚座-湖边水库片,湖里,1000
梅阳花园-SM附近,湖里,3000
宏益华府-高新技术园,湖里,4800
东晖广场-枋湖,湖里,1500
力拓大厦-高新技术园,湖里,1500
特房山水尚座-Null,湖里,1100
特房山水尚座-万达广场,湖里,2000
湖里银龙公寓-双浦路,湖里,3000
古龙居住公园-枋湖,湖里,1100
德辉花园-海天路,湖里,1500
乌石浦二里-SM附近,湖里,1900
世茂湖滨首府-湖边水库片,湖里,4700
世纪佳园-殿前,湖里,1450
裕成大厦-东渡,湖里,5200
康乐新村二期-南山路,湖里,3500
象屿花园-保税区,湖里,3500
湖里枋湖-枋湖,湖里,950
湖里区禾山街道岭下农贸市场-县后,湖里,900
韵园公寓-湖里大道,湖里,5600
其他-后坑,湖里,1800
富豪花园-兴隆路,湖里,11000
佳丽豪庭（佳丽花园三期）-南山路,湖里,4500
县后-县后,湖里,680
半山豪庭-南山路,湖里,4800
佳丽花园-海天路,湖里,4000
鸿图苑-大唐世家,湖里,3500
加州花园-大唐世家,湖里,7000
源昌豪庭一期-康乐,湖里,4500
韵园公寓-华昌路,湖里,4400
南泰苑-海天路,湖里,4000
榕海花园-东渡,湖里,1500
殿前五组交通便利购物也方便-殿前,湖里,550
银都广场-海天路,湖里,3300
外口公寓-东渡,湖里,2000
湖里区安兜社-安兜,湖里,850
都市港湾-东渡,湖里,1200
康乐新村二期-南山路,湖里,4000
鹭辉大厦-海天路,湖里,4200
青派公寓-安兜,湖里,1680
阳光大厦-高新技术园,湖里,1750
阳光大厦-高新技术园,湖里,3800
岭下小区-高新技术园,湖里,2200
岭下小区-高新技术园,湖里,1800
岭下小区-高新技术园,湖里,5000
岭下小区-高新技术园,湖里,4500
岭下小区-高新技术园,湖里,1600
岭下小区-高新技术园,湖里,3200
雅景花园-华荣路,湖里,1700
书香佳缘-枋湖,湖里,6500
其他-殿前,湖里,800
半山豪园-南山路,湖里,6000
力拓国际-高新技术园,湖里,2200
力拓国际-高新技术园,湖里,3200
力拓国际-高新技术园,湖里,1800
力拓新城-高新技术园,湖里,1800
上东美地-湖边水库片,湖里,4600
岭下小区-高新技术园,湖里,2300
岭下小区-高新技术园,湖里,3400
岭下小区-高新技术园,湖里,1200
岭下小区-高新技术园,湖里,1900
岭下小区-高新技术园,湖里,2400
岭下小区-高新技术园,湖里,4000
阳光大厦-高新技术园,湖里,2400
岭下小区-高新技术园,湖里,5000
岭下小区-高新技术园,湖里,3600
加州花园-大唐世家,湖里,5200
台北新村-康乐,湖里,2700
佳丽花园一期-海天路,湖里,3500
钟宅新家园-五缘湾,湖里,6500
厦门市湖里区后坑社区后坑社文化活动中心86号-后坑,湖里,2100
万达SOHO-万达广场,湖里,2300
火炬新天地-枋湖,湖里,1650
滨海森林-东渡,湖里,3600
三航公寓-保税区,湖里,3500
雪梨星光二期-大唐世家,湖里,3500
三航公寓-保税区,湖里,3000
裕兴大厦-江头北路,湖里,2300
天成花园-SM附近,湖里,2300
寨上村-翔鹭,湖里,550
欣家园-保税区,湖里,1500
中环花园-江头,湖里,1700
榕福苑-保税区,湖里,850
宏山新村-金山小区,湖里,4300
其他-大唐世家,湖里,2500
华昌路68号-华昌路,湖里,3200
古龙居住公园-枋湖,湖里,3500
林后社-机场附近,湖里,1100
禹洲花园个人出租一房-金尚路,湖里,1100
南山公寓-南山路,湖里,3700
海事局宿舍楼-东渡,湖里,2200
欣华花园二期-华荣路,湖里,1500
源泉山庄-枋湖,湖里,2700
仙洞山庄-南山路,湖里,4500
尚忠社-枋湖,湖里,1700
厦门国际石材中心-钟宅三里,湖里,3300
永建顶尚-枋湖,湖里,2000
蔡塘悦舍-蔡塘,湖里,2000
特房山水新座-湖边水库片,湖里,2300
其他-后坑,湖里,2100
其他-大唐世家,湖里,2600
湖里大唐世家-大唐世家,湖里,2500
大唐世家二期-大唐世家,湖里,4200
佳丽豪庭（佳丽花园三期）-华嘉路,湖里,2600
后埔-后埔,湖里,500
青派公寓-安兜,湖里,1200
国源新城国际（汇银公寓）-金山小区,湖里,4600
金尚风景（福满园）-祥店,湖里,4800
半山豪庭-南山路,湖里,3300
江头市场2号楼-江头,湖里,700
金山城-金山小区,湖里,1600
宏山新村-金山小区,湖里,4300
书香佳缘-枋湖,湖里,1000
蔡塘社区-蔡塘,湖里,2200
湖边花园A区-万达广场,湖里,4199
其他-枋湖,湖里,2059
南山大厦B栋-康乐,湖里,2800
其他-大唐世家,湖里,4200
欣华花园-湖里大道,湖里,1100
榴莲青年公寓-县后,湖里,1500
裕发花园-SM附近,湖里,3900
宝龙一城-吕岭路,湖里,6000
古龙居住公园-枋湖,湖里,3200
南山新村-南山路,湖里,3200
园山公寓-SM附近,湖里,1300
青派公寓-安兜,湖里,1450
裕兴花园-SM附近,湖里,2300
翔鹭花城三期-殿前,湖里,4100
尚忠社-五缘湾,湖里,900
裕兴大厦-江头北路,湖里,2599
空港新元宿-机场附近,湖里,1650
宏益华府-高新技术园,湖里,2500
晶珑小镇-枋湖,湖里,1488
晶珑小镇公寓-枋湖,湖里,1600
晶珑小镇公寓-枋湖,湖里,1800
晶珑小镇公寓-枋湖,湖里,2200
晶珑小镇公寓-枋湖,湖里,2600
晶珑小镇公寓-枋湖,湖里,1900
晶珑小镇公寓-枋湖,湖里,1700
晶珑小镇公寓-枋湖,湖里,1900
晶珑小镇公寓-枋湖,湖里,1650
晶珑小镇公寓-枋湖,湖里,1500
晶珑小镇公寓-枋湖,湖里,2300
晶珑小镇公寓-枋湖,湖里,2700
晶珑小镇公寓-枋湖,湖里,1900
晶珑小镇公寓-枋湖,湖里,1700
晶珑小镇公寓-枋湖,湖里,1800
枋湖新村-枋湖,湖里,1550
枋湖花园-枋湖,湖里,1488
枋湖小区-枋湖,湖里,1500
枋湖花园-枋湖,湖里,1550
湖里枋湖-枋湖,湖里,1700
枋湖花园-枋湖,湖里,1800
枋湖西路161号-枋湖,湖里,2699
金枋世家小区-枋湖,湖里,1850
新景龙郡-枋湖,湖里,1899
枋湖新村-枋湖,湖里,1799
金枋世家-安兜,湖里,1480
枋湖新村-枋湖,湖里,1699
晶珑小镇-枋湖,湖里,1699
枋湖西路161号小区-枋湖,湖里,1799
四海明楼-枋湖,湖里,1799
枋湖花园-枋湖,湖里,1800
龙湖花园-枋湖,湖里,2199
晶珑小镇-枋湖,湖里,2699
新景龙郡-枋湖,湖里,2150
东海山庄-枋湖,湖里,1799
枋湖花园-枋湖,湖里,1480
枋湖花园-枋湖,湖里,1500
枋湖花园-枋湖,湖里,1550
枋湖社-枋湖,湖里,1498
枋湖社-枋湖,湖里,1800
枋湖社-枋湖,湖里,1798
枋湖花园-枋湖,湖里,1798
湖里枋湖碧湖嘉园-枋湖,湖里,1480
湖里枋湖碧湖嘉园-枋湖,湖里,1788
湖里枋湖碧湖嘉园-枋湖,湖里,2200
枋湖新村-枋湖,湖里,1488
枋湖新村-枋湖,湖里,1798
新景龙郡-枋湖,湖里,1480
新景龙郡-枋湖,湖里,1798
龙湖花园-枋湖,湖里,1488
翔鹭花城-殿前,湖里,900
双鲤新城-县后,湖里,5000
嘉盛花园-江头,湖里,1700
建发中央天成-祥店,湖里,3300
其他-大唐世家,湖里,1200
三航公寓-长岸路,湖里,1800
蔡塘社区-蔡塘,湖里,2388
建邦大厦-台湾街,湖里,4000
和星公寓-县后,湖里,1700
苏公馆-蔡塘,湖里,1700
塘边社-兴隆路,湖里,850
林后社-机场附近,湖里,1000
梅阳花园-枋湖,湖里,3500
佳丽花园二期-海天路,湖里,2300
欣家园-兴湖路,湖里,1500
国际邮轮城二期-东渡,湖里,6400
第二城快乐天地-祥店,湖里,1700
阳光美地-金尚路,湖里,4200
和悦里小区-Null,湖里,2800
亿星大厦-江头北路,湖里,2600
建邦大厦-江头,湖里,2500
台湾街297-299号小区-江头北路,湖里,2800
嘉湖花园-华昌路,湖里,750
田头村口（金安小学旁）-泥金社,湖里,600
寓见闽芝-县后,湖里,1100
阳光美地-金尚路,湖里,1700
乌石浦油画村-乌石浦,湖里,3000
嘉隆公寓-江头,湖里,900
和宁里小区-濠头,湖里,4000
翔鹭花城一期-殿前,湖里,800
华海苑-华昌路,湖里,4000
福园公寓A801之三-嘉禾路（湖里）,湖里,2800
振华大厦-东渡,湖里,5500
德辉花园-海天路,湖里,800
湖里康乐万景花园-宜宾路,湖里,3600
双鲤新城，机场附近，家具齐全-安兜,湖里,1050
樱花山庄-大唐世家,湖里,2600
宏益华府-高新技术园,湖里,1650
世贸湖滨首府c区-湖边水库片,湖里,2000
亿星大厦-台湾街,湖里,2600
枋湖社-枋湖,湖里,980
裕兴花园-SM附近,湖里,2200
裕兴花园-SM附近,湖里,1800
裕兴花园-SM附近,湖里,2100
裕兴花园-SM附近,湖里,2000
裕兴花园-SM附近,湖里,2400
裕兴花园-SM附近,湖里,2300
裕兴花园-SM附近,湖里,2400
裕兴花园-SM附近,湖里,2200
裕兴花园-SM附近,湖里,2400
裕兴花园-SM附近,湖里,2000
裕兴花园-SM附近,湖里,2300
裕兴花园-SM附近,湖里,2000
裕兴花园-SM附近,湖里,2200
古歌公寓古歌金山的家-后坑,湖里,2088
其他-后坑,湖里,1600
半山豪庭-南山路,湖里,3200
翔鹭花城三期-殿前,湖里,950
书香佳缘-高新技术园,湖里,1000
小东山村-兴隆路,湖里,550
濠头村新庄园-濠头,湖里,4000
榕海花园-东渡,湖里,2400
书香佳缘-市政务中心,湖里,1000
翔鹭花城-殿前,湖里,900
翔鹭花城三期-殿前,湖里,1200
翔鹭花城三期-翔鹭,湖里,1200
翔鹭花城-殿前,湖里,1100
翔鹭花城-殿前,湖里,850
翔鹭花城-殿前,湖里,1000
翔鹭花城-殿前,湖里,1350
翔鹭花城-翔鹭,湖里,850
翔鹭花城-殿前,湖里,1600
翔鹭花城-翔鹭,湖里,1200
殿前湖里中埔社-殿前,湖里,3800
翔鹭花城三期-翔鹭,湖里,1150
天成花园-SM附近,湖里,1550
安泰花园-SM附近,湖里,1100
安泰花园-乌石浦,湖里,1150
兴山花园-SM附近,湖里,1300
江头花园-SM附近,湖里,1450
祥店新村-金尚路,湖里,1200
华永天地-台湾街,湖里,1750
祥店新村-金尚路,湖里,1350
天成花园-SM附近,湖里,1650
融景湾-湖边水库片,湖里,2300
中埔社-机场附近,湖里,968
寓见闽芝-蔡塘,湖里,1600
中央美地-枋湖,湖里,3000
其他-枋湖,湖里,1480
oY温莎公馆-双浦路,湖里,4600
嘉景花园-乌石浦,湖里,650
湖里圆山公寓小区-乌石浦,湖里,1300
永升新城-永升新城,湖里,1200
双鲤新城-机场附近,湖里,1500
科技村-大唐世家,湖里,1300
大唐五缘yoho-金湖路,湖里,2700
云客智能公寓-县后,湖里,1500
其他-安兜,湖里,2200
山水尚座-万达广场,湖里,1850
县后阳光公寓-县后,湖里,1800
金山小区-金山小区,湖里,4000
翔鹭花城二期-翔鹭,湖里,3300
欣家园-兴湖路,湖里,1500
水晶苹果-枋湖,湖里,1300
格林公寓-枋湖,湖里,1000
台湾街288号华永天地-台湾街,湖里,4000
新金花园-吕岭路,湖里,1100
融寓-县后,湖里,1700
和通里港务宿舍东渡6中后门-东渡,湖里,3200
鹭槟大厦-东渡,湖里,2000
海发大厦-保税区,湖里,1400
万达SOHO-万达广场,湖里,2400
万达SOHO-万达广场,湖里,1800
万达SOHO-万达广场,湖里,2500
万达SOHO-万达广场,湖里,1800
万达SOHO-万达广场,湖里,2500
万达SOHO-万达广场,湖里,1800
万达SOHO-万达广场,湖里,2500
湖里万达-万达广场,湖里,2400
万达SOHO-万达广场,湖里,1800
万达SOHO-万达广场,湖里,2500
湖里万达-万达广场,湖里,2400
湖里万达-万达广场,湖里,1800
【榕海花园】-东渡,湖里,1500
湖里万达广场-湖边水库片,湖里,2300
香山碧海晴空-湖边水库片,湖里,1300
世茂湖滨首府-湖边水库片,湖里,1300
金山小区-金山小区,湖里,3300
岭兜佳园-湖边水库片,湖里,3900
桃源大厦-台湾街,湖里,2800
古龙居住公园-枋湖,湖里,2600
岭兜佳园-湖边水库片,湖里,3200
江头苑-江头,湖里,1200
山水尚座-湖边水库片,湖里,1850
其他-县后,湖里,1650
soho公寓-万达广场,湖里,2600
裕兴大厦-江头,湖里,2300
sm附近天成花园-SM附近,湖里,1750
江浦南里-江头北路,湖里,4000
尚忠社-金尚路,湖里,1500
中铁财富港湾-SM附近,湖里,4800
县后-高新技术园,湖里,3500
铭爵山庄-兴湖路,湖里,2200
裕兴花园-SM附近,湖里,2500
尚忠社571号小时光公寓-枋湖,湖里,1450
金山小区-金山小区,湖里,3300
铭爵山庄-兴湖路,湖里,2200
龙门天下-SM附近,湖里,3200
湖里区-海天路,湖里,3000
围里社-县后,湖里,799
国际山庄-金山小区,湖里,6200
芙蓉苑-芙蓉苑,湖里,900
金山西里86号金地凯悦-金尚路,湖里,2600
悦馨庄园-长岸路,湖里,2800
榕海花园-东渡,湖里,2500
裕兴大厦-江头北路,湖里,2000
双狮山小区-东渡,湖里,2700
特祥苑-保税区,湖里,2700
鹭槟大厦明厨明卫超大阳台单身公寓-东渡,湖里,2300
后埔社区-后埔,湖里,1000
金枋世家-枋湖,湖里,3600
裕兴花园-SM附近,湖里,2300
厦禾裕景-厦禾路,思明,55000
裕兴花园-SM附近,湖里,2000
龙湖春江郦城二期-集美新城,集美,2700
国贸商城集悦-嘉庚体育馆,集美,900
橡树湾一二期-集美新城,集美,2600
世茂璀璨天城-集美大道,集美,4000
厦门世贸璀璨天成-集美新城,集美,4100
保利叁仟栋二期-环东海域,集美,3500
保利叁仟栋二期-环东海域,集美,2800
龙湖春江郦城二期-集美新城,集美,2500
龙湖春江郦城-集美新城,集美,1500
国贸天悦二期-集美新城,集美,3600
碧海蓝天-浔江路,集美,1500
住宅水晶湖郡-华侨大学,集美,2100
国贸天悦一期-集美周边,集美,2500
水晶湖郡-华侨大学,集美,1550
水晶湖郡-华侨大学,集美,1550
国贸天悦二期-集美新城,集美,4000
橡树湾三期-集美新城,集美,3000
万美花园-浔江路,集美,1080
龙湖春江郦城一期-集美新城,集美,2000
宁宝世家-集美周边,集美,5000
龙湖春江郦城一期-集美新城,集美,2600
厦门世贸璀璨天成-集美新城,集美,4000
招商海德-滨海西大道,集美,3100
厦门世贸璀璨天成-集美新城,集美,4100
龙湖春江郦城一期-集美新城,集美,2500
橡树湾三期-集美新城,集美,3200
龙湖春江郦城一期-集美新城,集美,1600
龙湖春江郦城-集美周边,集美,2400
龙湖春江郦城一期-集美新城,集美,2100
高迪墅-乐海路,集美,9500
古龙御景一期-同集南路,集美,3000
海上五月花海语墅一期-同集南路,集美,15000
天鹅美苑-滨海西大道,集美,4500
古龙明珠-嘉庚体育馆,集美,12000
招商海德公园一期-同集南路,集美,8500
海上五月花海贝-嘉庚体育馆,集美,11000
国建东海岸东区-嘉庚体育馆,集美,12000
集美大唐世家公寓住宅-Null,集美,10500
古龙御景二期公寓住宅-同集南路,集美,5000
高迪墅公寓住宅-嘉庚体育馆,集美,12000
古龙御景-集美周边,集美,5700
中央公园城-滨海西大道,集美,2600
古龙御景一期-同集南路,集美,4500
招商海德公园一期-滨海西大道,集美,5500
中央公园城-嘉庚体育馆,集美,2400
高迪墅-嘉庚体育馆,集美,12900
高迪墅-嘉庚体育馆,集美,12000
海上五月花海贝-嘉庚体育馆,集美,12000
龙湖春江郦城一期-集美新城,集美,1000
其他-软件园三期,集美,2600
龙湖春江郦城一期-集美新城,集美,2300
龙湖春江郦城一期-集美新城,集美,2500
国贸天悦一期-集美周边,集美,4000
橡树湾三期-集美新城,集美,3200
龙湖春江郦城一期-集美新城,集美,2200
橡树湾三期-集美新城,集美,2700
国贸天悦二期-集美新城,集美,3700
龙湖春江郦城一期-集美新城,集美,2600
橡树湾三期-集美新城,集美,3000
龙湖春江郦城一期-集美新城,集美,2300
橡树湾三期-集美新城,集美,2800
龙湖春江郦城一期-集美新城,集美,1500
橡树湾一二期-集美新城,集美,3200
龙湖春江郦城一期-集美新城,集美,2600
国贸天悦一期-集美周边,集美,3900
龙湖春江郦城一期-集美新城,集美,2300
龙湖春江郦城一期-集美新城,集美,2500
龙湖春江郦城一期-集美新城,集美,2500
龙湖春江郦城一期-集美新城,集美,2500
国贸天悦-集美周边,集美,3600
龙湖春江郦城一期-集美新城,集美,2600
橡树湾三期-集美新城,集美,3100
国贸天悦一期-集美周边,集美,3900
国贸天悦-集美周边,集美,5800
中航城a区-滨海西大道,集美,1200
国贸天悦-集美周边,集美,6500
橡树湾三期-集美新城,集美,3300
龙湖春江郦城二期-集美新城,集美,2200
园博1号-集美周边,集美,8000
世茂璀璨天成二期-华侨大学,集美,1200
国贸天悦-集美周边,集美,4400
国贸天悦-集美周边,集美,2400
国贸天悦一期-集美周边,集美,4000
国贸天悦-集美周边,集美,1800
龙湖春江郦城二期-集美新城,集美,2400
龙湖春江郦城一期-集美新城,集美,2600
龙湖春江郦城-滨海西大道,集美,2300
龙湖春江郦城-滨海西大道,集美,1300
龙湖春江郦城-滨海西大道,集美,1800
龙湖春江郦城-滨海西大道,集美,1400
龙湖春江郦城-滨海西大道,集美,1100
龙湖春江郦城-滨海西大道,集美,1300
橡树湾三期-集美新城,集美,4800
橡树湾一二期-集美新城,集美,2800
橡树湾一二期-集美新城,集美,2400
橡树湾三期-集美新城,集美,2800
龙湖春江郦城二期-集美新城,集美,1400
龙湖春江郦城一期-集美新城,集美,4100
龙湖春江郦城二期-集美新城,集美,5500
龙湖春江郦城-集美周边,集美,1600
龙湖春江郦城一期-集美新城,集美,1350
凤凰花城-软件园三期,集美,3100
龙湖春江郦城一期-集美新城,集美,2600
橡树湾四期-集美新城,集美,2600
橡树湾三期-集美新城,集美,2900
浪漫小筑-孙厝,集美,650
浪漫小筑-孙厝,集美,650
浪漫小筑-孙厝,集美,650
莲花首岸-集美新城,集美,6200
世茂璀璨新城-集美新城,集美,4200
滨水四里-集美大道,集美,1300
其他-环东海域,集美,1050
集美国贸商城集悦-嘉庚体育馆,集美,1800
其他-集美周边,集美,2000
岑东社区-集美学村,集美,1100
岑东社区-集美学村,集美,1600
万美花园-浔江路,集美,1500
集美国贸商城集悦-嘉庚体育馆,集美,2300
世茂璀璨天城-华侨大学,集美,3600
集美银江路122号（戴曼斯酒店旁边）-同集南路,集美,3000
招商海德公园一期-同集南路,集美,1900
莲花国际A区-集美新城,集美,1600
龙湖春江郦城-滨海西大道,集美,1300
橡树湾三期-集美新城,集美,4800
龙湖春江郦城二期-集美新城,集美,5500
阳光城翡丽海岸-滨海西大道,集美,2200
华侨御景-集美大道,集美,2600
国贸天悦二期-集美新城,集美,4200
集美孙厝-孙厝,集美,500
阳光城翡丽海岸-滨海西大道,集美,2000
莲花首岸-集美新城,集美,4000
平阳里小区-后溪镇,集美,1200
国贸天悦二期-集美新城,集美,3600
杏林村-集美周边,集美,900
集美中心花园-集美学村,集美,3000
集美中心花园-集美学村,集美,2000
天安一里-霞梧,集美,1500
丁宜山庄-集美周边,集美,16000
后溪崎沟-软件园三期,集美,650
禹州中央海岸1期-集美周边,集美,2700
集美大学湾-乐海路,集美,3900
古龙御景一期-嘉庚体育馆,集美,1300
丰融尚城-嘉庚体育馆,集美,2200
丰融尚城-嘉庚体育馆,集美,2300
中央公园城-嘉庚体育馆,集美,10000
国贸商城同悦-嘉庚体育馆,集美,3100
泉水湾一期-嘉庚体育馆,集美,3250
中交和美新城-集美新城,集美,3000
泉水湾一期-嘉庚体育馆,集美,1500
其他-后溪镇,集美,1800
集美学府SOHO三室一厅1厨2卫精装修房出租2800可住可办公-集源路,集美,2800
水晶湖郡-华侨大学,集美,1500
莲花新城-集美新城,集美,1700
水晶湖郡1期A区-华侨大学,集美,1800
莲花国际商住楼-集美周边,集美,2200
集美孙厝社区-孙厝,集美,520
纺织路-集美周边,集美,2550
园博湾IOI-集美学村,集美,2000
住宅莲花尚院-华侨大学,集美,2800
集美区泉瞬泉水湾三期-嘉庚体育馆,集美,3400
万美花园-浔江路,集美,1180
万科广场-厦门北站,集美,2800
乐安新村-同集南路,集美,600
其他-集美学村,集美,3500
国贸天悦二期-集美新城,集美,4500
国贸天悦一期-集美周边,集美,3200
国贸天悦二期-集美新城,集美,3800
国贸天悦二期-集美新城,集美,5000
国贸天悦二期-集美新城,集美,4200
国贸商城同悦-嘉庚体育馆,集美,1100
厦门世贸璀璨天成-集美新城,集美,3500
大学康城二期-集美新城,集美,3000
莲花首岸-集美新城,集美,1600
莲花首岸-集美新城,集美,1600
滨水小区-集美大道,集美,2500
浪漫小筑-孙厝,集美,600
浪漫的小筑-孙厝,集美,600
中航城国际社区A区-集美周边,集美,4200
古龙御景-集美周边,集美,1800
中央公园城-滨海西大道,集美,2300
国贸商城集悦-嘉庚体育馆,集美,1000
国贸商城同悦-嘉庚体育馆,集美,2000
泉水湾一期-乐海路,集美,2300
泉舜泉水湾二期-乐海路,集美,1800
古龙御景-集美周边,集美,2300
古龙御景-集美周边,集美,1750
古龙御景二期-嘉庚体育馆,集美,1800
古龙御景二期-嘉庚体育馆,集美,2000
国贸商城集悦-嘉庚体育馆,集美,1300
国贸商城集悦-嘉庚体育馆,集美,1600
中央公园城-滨海西大道,集美,2200
中央公园城-滨海西大道,集美,2000
国贸商城同悦-嘉庚体育馆,集美,2000
古龙御景二期-嘉庚体育馆,集美,1800
古龙御景一期-同集南路,集美,3000
古龙御景二期-嘉庚体育馆,集美,1500
古龙御景-集美周边,集美,1900
集美古龙御景-嘉庚体育馆,集美,2000
古龙御景-集美周边,集美,2500
古龙御景-集美周边,集美,2100
古龙御景-嘉庚体育馆,集美,2800
古龙御景-集美周边,集美,3800
泉舜泉水湾-嘉庚体育馆,集美,1600
泉舜泉水湾-嘉庚体育馆,集美,3600
国贸商城同悦-嘉庚体育馆,集美,1650
国贸商城同悦-嘉庚体育馆,集美,4500
国贸商城同悦-嘉庚体育馆,集美,5200
国贸商城同悦-嘉庚体育馆,集美,1700
国贸同悦-嘉庚体育馆,集美,1800
国贸商城同悦-嘉庚体育馆,集美,1800
集美国贸商城集悦-嘉庚体育馆,集美,3500
国贸商城同悦-嘉庚体育馆,集美,1800
国贸商城同悦-嘉庚体育馆,集美,1600
国贸商城同悦-嘉庚体育馆,集美,2000
国贸商城同悦-嘉庚体育馆,集美,3300
古龙御景-集美周边,集美,3200
中央公园城-嘉庚体育馆,集美,2000
中央公园城-滨海西大道,集美,1400
中央公园城-滨海西大道,集美,2200
中央公园城-嘉庚体育馆,集美,1600
中央公园城-滨海西大道,集美,2200
颐海嘉园-嘉庚体育馆,集美,1700
泉舜泉水湾-嘉庚体育馆,集美,1700
泉舜泉水湾-嘉庚体育馆,集美,1100
泉水湾一期-乐海路,集美,4300
泉舜泉水湾-嘉庚体育馆,集美,4000
泉水湾一期-嘉庚体育馆,集美,3200
泉水湾一期-乐海路,集美,3600
集美中央公园城（集美高中部）-乐海路,集美,3200
颐海嘉园-嘉庚体育馆,集美,1300
颐海嘉园-嘉庚体育馆,集美,2200
颐海嘉园-嘉庚体育馆,集美,1800
颐海嘉园-嘉庚体育馆,集美,1200
颐海嘉园-嘉庚体育馆,集美,1600
颐海嘉园-嘉庚体育馆,集美,1600
颐海嘉园-嘉庚体育馆,集美,2100
颐海嘉园-嘉庚体育馆,集美,3800
颐海嘉园-嘉庚体育馆,集美,1400
颐海嘉园-嘉庚体育馆,集美,1200
中央公园城-滨海西大道,集美,3500
中央公园城-滨海西大道,集美,3100
中央公园城-滨海西大道,集美,2300
中央公园城-滨海西大道,集美,3000
颐海嘉园-嘉庚体育馆,集美,1800
中央公园城-滨海西大道,集美,2100
中央公园城-滨海西大道,集美,1600
中央公园城-滨海西大道,集美,1500
中央公园城-滨海西大道,集美,1350
中交和美新城-集美新城,集美,1500
集美水晶湖郡二期B区-滨海西大道,集美,1300
古龙御景-嘉庚体育馆,集美,2200
集美国贸集悦-嘉庚体育馆,集美,1100
国贸天悦-集美周边,集美,6800
大唐世家一期-嘉庚体育馆,集美,2500
泉舜泉水湾-嘉庚体育馆,集美,1700
古龙御景二期-嘉庚体育馆,集美,1500
古龙御景二期-嘉庚体育馆,集美,1500
泉舜泉水湾-嘉庚体育馆,集美,3600
航天鹭苑-嘉庚体育馆,集美,3100
泉水湾一期-乐海路,集美,3600
泉水湾一期-乐海路,集美,4300
招商海德公园一期-滨海西大道,集美,1600
丰融尚城-嘉庚体育馆,集美,3300
中航城国际社区C区-软件园三期,集美,1200
万科广场-厦门北站,集美,850
莲花国际-集美新城,集美,1800
国贸商城集悦-嘉庚体育馆,集美,1500
其他-孙厝,集美,25000
泉舜泉水湾-嘉庚体育馆,集美,1000
住宅水晶湖郡-集美周边,集美,1500
海聚天下-嘉庚体育馆,集美,1100
集美国贸商城集悦-嘉庚体育馆,集美,1500
集美国贸商城集悦-嘉庚体育馆,集美,1800
其他-集美周边,集美,600
古龙御景-集美周边,集美,1650
中央公园城-滨海西大道,集美,1500
古龙御景-嘉庚体育馆,集美,1100
集美国贸商城集悦-嘉庚体育馆,集美,1100
其他-后溪镇,集美,4200
滨海西大道阳光城翡丽海岸-滨海西大道,集美,8500
古龙御景-嘉庚体育馆,集美,1000
大学湾-集美学村,集美,12000
高迪墅-嘉庚体育馆,集美,11000
新景舜弘天籁-嘉庚体育馆,集美,2600
古龙御景-嘉庚体育馆,集美,1260
集美浒井公交站红绿灯路口-印斗路,集美,350
莲花新城湖园-集美新城,集美,3500
莲花新城湖园-集美新城,集美,4200
莲花新城臻园-集美新城,集美,4000
莲花国际A区-集美新城,集美,2800
莲花新城三期-集美新城,集美,3300
莲花首岸-集美新城,集美,5000
中航城C区-集美周边,集美,3000
龙湖春江郦城二期-集美新城,集美,1300
龙湖春江郦城一期-集美新城,集美,3400
莲花新城三期-集美新城,集美,3400
莲花国际商住楼-集美周边,集美,2800
龙湖春江郦城-滨海西大道,集美,3800
其他-华侨大学,集美,2400
橡树湾四期-集美新城,集美,2500
平阳里小区-孙坂路,集美,2800
水晶湖郡-嘉庚体育馆,集美,1100
龙湖春江郦城一期-集美新城,集美,1600
大学康城-软件园三期,集美,800
大学康城三期-软件园三期,集美,800
园博湾上-集美新城,集美,3000
泉舜泉水湾-嘉庚体育馆,集美,1200
中央公园城-嘉庚体育馆,集美,10000
国贸商城同悦-嘉庚体育馆,集美,1650
古龙御景二期-嘉庚体育馆,集美,1500
保利海上五月花一期-环东海域,集美,2100
岑西社区-集美学村,集美,2500
杏林纺织-Null,集美,1500
古龙明珠-嘉庚体育馆,集美,3600
丰融尚城-嘉庚体育馆,集美,2200
天鹅美苑-嘉庚体育馆,集美,2700
招商海德公园一期-滨海西大道,集美,3300
海上五月花六期-嘉庚体育馆,集美,1600
泉水湾二期-嘉庚体育馆,集美,5600
泉水湾一期-乐海路,集美,5000
万科云城-华侨大学,集美,1600
集美莲花新城-集美新城,集美,1500
星海湾-环东海域,集美,5000
其他-华侨大学,集美,1550
住宅莲花国际（诚毅广场地铁站旁边一栋）-软件园三期,集美,1300
碧海蓝天-浔江路,集美,1500
莲花新城湖园-集美新城,集美,2900
橡树湾一二期-集美新城,集美,2700
泉水湾一期-嘉庚体育馆,集美,1000
岑西社区-集美学村,集美,2000
橡树湾三期-集美新城,集美,2800
橡树湾四期-集美新城,集美,2800
橡树湾四期-集美新城,集美,3000
国贸商城同悦-嘉庚体育馆,集美,1900
古龙御景-集美周边,集美,1650
泉舜泉水湾-嘉庚体育馆,集美,1800
古龙御景-嘉庚体育馆,集美,2800
古龙御景-集美周边,集美,1900
龙湖春江郦城-滨海西大道,集美,1400
橡树湾一二期-集美新城,集美,2600
古龙御景-集美周边,集美,2500
古龙御景-集美周边,集美,1800
橡树湾三期-集美新城,集美,3200
中央公园城-嘉庚体育馆,集美,2000
国贸同悦-嘉庚体育馆,集美,1800
泉水湾一期-乐海路,集美,4300
国贸商城同悦-嘉庚体育馆,集美,4500
招商海德公园一期-嘉庚体育馆,集美,1800
国贸商城同悦-嘉庚体育馆,集美,1650
泉舜泉水湾-嘉庚体育馆,集美,1700
古龙御景二期-嘉庚体育馆,集美,1500
软三附近崎沟村-软件园三期,集美,650
龙湖春江郦城-集美新城,集美,4500
集北华庭-同集南路,集美,650
其他-集美周边,集美,1100
莲花国际-集美新城,集美,1800
其他-集美新城,集美,12000
高迪墅-乐海路,集美,7500
航天鹭苑-同集南路,集美,3000
天润新城-同集南路,集美,2400
天鹅美苑-滨海西大道,集美,8500
高迪墅-滨海西大道,集美,12000
招商海德公园一期-嘉庚体育馆,集美,3300
后溪工业园第二农场-后溪镇,集美,1800
麒麟居（电梯房）-集源路,集美,3500
水晶湖郡-华侨大学,集美,1100
集美国贸商城集悦-嘉庚体育馆,集美,900
招商海德-滨海西大道,集美,3400
中骏四季阳光-厦门北站,集美,2300
招商海德二期-滨海西大道,集美,1900
厦门高铁阳光花园-厦门北站,集美,2600
莲花新城三期-集美新城,集美,3200
集美大学孙厝-孙厝,集美,650
中航城C区中国航国际社区C区-集美新城,集美,3700
纺织路-集美周边,集美,1000
住宅水晶湖郡-集美周边,集美,1800
莲花尚院-华侨大学,集美,5200
国贸商城同悦-嘉庚体育馆,集美,1800
国贸商城同悦-嘉庚体育馆,集美,1900
水晶湖郡1期A区-万达广场,集美,1500
泉舜泉水湾-嘉庚体育馆,集美,3000
招商海德公园一期-嘉庚体育馆,集美,1800
泉舜泉水湾-嘉庚体育馆,集美,2000
集美国贸商城集悦-嘉庚体育馆,集美,3500
集美水晶湖郡二期B区-滨海西大道,集美,4200
古龙御景二期-嘉庚体育馆,集美,2150
古龙御景二期-嘉庚体育馆,集美,2450
国贸商城集悦-嘉庚体育馆,集美,1050
泉舜泉水湾-嘉庚体育馆,集美,3200
招商海德-滨海西大道,集美,3500
泉水湾二期-嘉庚体育馆,集美,1500
泉水湾二期-嘉庚体育馆,集美,1300
古龙御景-嘉庚体育馆,集美,2800
凤林美-嘉庚体育馆,集美,900
中航城国际社区A区-集美新城,集美,1500
杏北新城锦园小区-集美新城,集美,2300
集美滨水路水晶湖郡五期-华侨大学,集美,3700
龙湖春江郦城一期-集美新城,集美,3000
珩崎一里小区-集美大道,集美,3000
莲花国际-集美新城,集美,3600
万科广场-厦门北站,集美,3200
中心花园三期-集美新城,集美,5400
高迪墅-乐海路,集美,10000
裕兴花园-SM附近,湖里,2300
厦禾裕景-厦禾路,思明,55000
裕兴花园-SM附近,湖里,2000
融信海上城-海沧大道,海沧,3200
融侨观邸-海沧周边,海沧,3500
圣地亚哥-海沧周边,海沧,1600
王子广场-滨海社区,海沧,1800
王子广场-滨海社区,海沧,1799
王子广场-滨海社区,海沧,1700
王子广场-滨海社区,海沧,1700
王子广场-滨海社区,海沧,1700
融信海上城-沧虹路,海沧,2988
金龙商城-沧虹路,海沧,1000
海裕路自建舒适大空间公寓-海裕路,海沧,400
绿苑新城-滨海社区,海沧,1500
绿苑新城-滨海社区,海沧,700
海沧如家公寓-海沧生活区,海沧,280
厦门海沧天御花园诚招租爱干净的女生-区政府,海沧,900
其他-马青路,海沧,2580
未来橙堡二期-阿罗海广场,海沧,1000
王子广场-滨海社区,海沧,1600
天湖城-阿罗海广场,海沧,1500
融信海上城-滨海社区,海沧,2700
天竺花园-新阳工业区,海沧,2100
天源小区-阿罗海广场,海沧,900
天湖城，绿苑新城，兴东鑫-沧林路,海沧,800
绿苑新城，兴东鑫，天湖城-阿罗海广场,海沧,800
海沧泰禾院子-新阳工业区,海沧,3600
排头新村62号-沧虹路,海沧,1000
绿苑新城，兴东鑫，天湖城-沧林路,海沧,800
海沧滨海旭日海湾43平公寓出租-滨湖路,海沧,1100
绿苑新城三组团-沧虹路,海沧,3100
其他-海沧生活区,海沧,3300
兴港花园-兴港路,海沧,800
其他-兴港路,海沧,195
海沧新许厝村-新阳工业区,海沧,450
海沧广场湖畔-沧林路,海沧,2700
埭头新村-海沧生活区,海沧,400
海青花园-海沧生活区,海沧,1000
其他-海沧生活区,海沧,1000
刘山社-沧林路,海沧,520
海沧万科城-马青路,海沧,2300
绿苑商城-沧林路,海沧,2500
绿苑海景国际-滨湖路,海沧,4750
玖和广场-海沧生活区,海沧,3000
刘山社-海裕路,海沧,1150
海投青春海岸-新阳工业区,海沧,1600
银河花园-海沧生活区,海沧,1200
兴港花园三期-兴港路,海沧,1000
其他-新阳工业区,海沧,1200
海沧石塘村-石塘村,海沧,850
王子广场附近-海沧生活区,海沧,1100
海沧石塘村-石塘村,海沧,1450
刘山社-石塘村,海沧,1200
海沧石塘村-石塘村,海沧,900
刘山社-石塘村,海沧,1450
海沧区石塘刘山社-石塘村,海沧,880
荣寓公寓-石塘村,海沧,1400
银都花园-海沧生活区,海沧,2300
未来海岸系蓝水郡-兴港路,海沧,1800
海沧海投自贸城-马青路,海沧,2000
海沧建行沧二小区-沧虹路,海沧,1100
泰地海西中心-滨海社区,海沧,2000
融信海上城-海沧生活区,海沧,3600
其他-沧虹路,海沧,4500
绿苑新城，兴东鑫花园-沧虹路,海沧,950
沧嵩屿北里水云湾海-滨海社区,海沧,850
其他-滨海社区,海沧,3100
未来海岸浪琴湾一期-嵩屿北里,海沧,850
三源弘-嵩屿北里,海沧,850
海湾景园-嵩屿码头,海沧,850
汇景雅苑-嵩屿北里,海沧,850
未来海岸浪琴湾二期-嵩屿码头,海沧,850
嵩屿金城湾花园-未来海岸片区,海沧,850
嵩屿码头-嵩屿码头,海沧,850
阿罗海广场-阿罗海广场,海沧,850
王子广场-海裕路,海沧,970
未来海岸系天心岛-滨海社区,海沧,650
其他-海沧周边,海沧,500
海沧石塘村-海裕路,海沧,650
海沧新东社-新阳工业区,海沧,788
海沧天湖城-阿罗海广场,海沧,700
海沧亚太广场-海富路,海沧,5000
绿苑新境界（绿苑新城），兴东鑫-滨湖路,海沧,800
海沧区兴东鑫花园，绿苑新城-滨湖路,海沧,700
未来海岸外国语学校旁金桥苑小区两室两厅一卫-嵩屿码头,海沧,1800
临港新城-马青路,海沧,1800
海沧生活区石塘村-海裕路,海沧,400
未来海岸浪琴湾-未来海岸片区,海沧,3300
其他-马青路,海沧,1000
滨海阳光海沧双十旁-滨海社区,海沧,1450
渐美村-阿罗海广场,海沧,300
汇景佳园-嵩屿码头,海沧,1700
海沧石塘村北片-沧虹路,海沧,450
水岸名筑小两 2室1厅 47平米 实用50平方左右 1850元(个人)-未来海岸片区,海沧,1900
海晟维多利亚-滨海社区,海沧,3700
海沧亚太广场-海富路,海沧,950
其他-石塘村,海沧,1120
海晟维多利亚-沧虹路,海沧,3300
海沧区沧江古镇（海沧自贸园区内）-嵩屿码头,海沧,5000
海沧石塘村-海裕路,海沧,500
海沧生活区-阿罗海广场,海沧,500
其他-海沧周边,海沧,1600
海沧万科城-海沧生活区,海沧,2500
绿苑新城-海沧生活区,海沧,2500
中骏海岸1号-滨海社区,海沧,1350
海沧万科城-马青路,海沧,2300
海晟维多利亚-滨海社区,海沧,700
其他-新阳工业区,海沧,1800
泰地海西中心-滨海社区,海沧,1850
汇景雅苑-嵩屿北里,海沧,1300
海沧区兴东鑫花园小区-滨湖路,海沧,850
裕兴花园-SM附近,湖里,2300
厦禾裕景-厦禾路,思明,55000
裕兴花园-SM附近,湖里,2000
新景国际城-隧道口,翔安,1700
汇景新城三期-汇景广场,翔安,2300
万科金色悦城-马巷,翔安,2200
信洲国际大厦-隧道口,翔安,1800
美地雅登-新店,翔安,2500
卢卡小镇-新店,翔安,2400
东城合院-汇景广场,翔安,3000
美地雅登-汇景广场,翔安,2900
美地雅登3里-汇景广场,翔安,2500
美地雅登六里-汇景广场,翔安,1900
锦绣祥安-马巷,翔安,1600
东城合院-汇景广场,翔安,2900
首开领翔上郡-汇景广场,翔安,2400
首开领翔国际-新店,翔安,2300
首开领翔上郡-新店,翔安,2200
信洲国际大厦-隧道口,翔安,1600
卢卡小镇-新店,翔安,2400
莲花尚城-新店,翔安,2000
美地雅登-汇景广场,翔安,1800
东城合院-汇景广场,翔安,2900
美地雅登五里-新店,翔安,1400
锦绣祥安-马巷,翔安,2000
锦绣祥安-马巷,翔安,1500
美地雅登六里-新店,翔安,2000
美地雅登五里-新店,翔安,2100
首开领翔国际-新店,翔安,2000
锦绣祥安-马巷,翔安,1500
锦绣祥安-马巷,翔安,1100
锦绣祥安-马巷,翔安,1500
首开领翔上郡-新店,翔安,2200
锦绣祥安-马巷,翔安,1600
美地雅登三里-新店,翔安,1500
美地雅登三里-新店,翔安,1900
万科金色悦城-马巷,翔安,2200
锦绣祥安-马巷,翔安,1600
美地雅登三里-汇景广场,翔安,3000
锦绣祥安-马巷,翔安,2000
美地雅登六里-新店,翔安,2000
明发半岛详湾-隧道口,翔安,3000
美地雅登六里-新店,翔安,1900
美地雅登六里-新店,翔安,1900
美地雅登五里-新店,翔安,1350
信洲国际大厦-隧道口,翔安,1800
翔安隧道口soho两房一厅出租950元距离软件园二期20分钟-隧道口,翔安,950
翔安区内厝镇莲塘村民房出租-内厝,翔安,300
山亭社区-马巷,翔安,1600
明发半岛详湾-隧道口,翔安,2500
建发翔城国际（洋塘居住区）商铺-隧道口,翔安,2800
翔安新店宋板四里南街套房出租-新店,翔安,1800
其他-隧道口,翔安,2000
美地雅登-新店,翔安,1700
其他-新店,翔安,500
青年阳光酒店-新店,翔安,900
宋坂里-新店,翔安,700
何厝村-马巷,翔安,1200
翔安区马巷镇亭洋黄厝村-马巷,翔安,380
翔安新城翔城国际-翔安新城,翔安,1800
其他-马巷,翔安,380
阳光城翡丽湾二期-隧道口,翔安,2700
翔城国际-新店,翔安,650
黎安小镇-马巷,翔安,2400
其他-马巷,翔安,2300
明发半岛祥湾-新店,翔安,2400
阳光城翡丽湾-隧道口,翔安,1100
春江里-隧道口,翔安,1600
翔安新店福祥路华天学院对面学生街-新店,翔安,1400
首开领翔国际-新店,翔安,3000
阳光城翡丽湾-隧道口,翔安,2400
海晟颐翔湾（真实房源，中介勿扰）-汇景广场,翔安,3100
翔安新店蔡厝南里-翔安新城,翔安,7000
翔安新店镇蔡厝南里-翔安新城,翔安,7800
翔安宝嘉誉园-汇景广场,翔安,3500
首开领翔花郡-新店,翔安,3200
五华偶遇-新店,翔安,1700
洪前小区-新店,翔安,1500
翔安区新店镇进修附小自建房出租-新店,翔安,500
美地雅登六里-新店,翔安,2400
阳光城翡丽湾-隧道口,翔安,1500
泰禾红门-新店,翔安,1100
阳光城翡丽湾二期-翔安新城,翔安,2400
阳光城翡丽湾-隧道口,翔安,2800
美地雅登五里-新店,翔安,1350
明发半岛祥湾A区-新店,翔安,3500
锦绣祥安-马巷,翔安,1600
翔安区新店镇朝新路21-1号501-新店,翔安,1700
翔城国际-新店,翔安,2200
万科金色悦城-马巷,翔安,2000
联合博学园-新店,翔安,1600
黎安小镇四期-新店,翔安,2200
其他-新店,翔安,2500
裕兴花园-SM附近,湖里,2300
厦禾裕景-厦禾路,思明,55000
裕兴花园-SM附近,湖里,2000
和谐天下-城南路,同安,11000
南门新村2房2厅带大阳台可拎包入住-南门路,同安,1600
同安1号楼-城南路,同安,1550
阳翟土楼里-城南路,同安,650
阳光城翡丽海岸-西柯镇,同安,3000
裕景新城-凤山路,同安,2200
其他-西柯镇,同安,2000
同安钟楼一号3房1厅1厨1卫出租-南门路,同安,1500
同安钟楼一号边-南门路,同安,1500
新景舜弘现代城-集中工业区,同安,1700
新景舜弘现代城-同集路,同安,1700
其他-集中工业区,同安,1650
禹州香溪里-城北,同安,2600
禹州大学城-同集路,同安,1600
同安城南大唐世家六期BRT旁-城南路,同安,1500
恒亿尚品湾-西柯镇,同安,3000
其他-城东,同安,800
官浔村-同集路,同安,650
西溪银鹭苑-西桥路,同安,1300
同安大唐世家一期-城南路,同安,2080
恒亿尚品湾-西柯镇,同安,2500
禹州香溪里-城东,同安,1700
禹州大学城-同集路,同安,2500
恒忆尚品湾-城北,同安,1500
富丽华名园（莲福广场）-凤山路,同安,650
保利叁仟栋-西柯镇,同安,2800
禹州大学城-同集路,同安,1200
富贵家园边上-Null,同安,1100
同城四季-环城路,同安,380
金都海尚国际-西柯镇,同安,2000
